Run,ReleaseDate,LoadDate,spots,bases,spots_with_mates,avgLength,size_MB,AssemblyName,download_path,Experiment,LibraryName,LibraryStrategy,LibrarySelection,LibrarySource,LibraryLayout,InsertSize,InsertDev,Platform,Model,SRAStudy,BioProject,Study_Pubmed_id,ProjectID,Sample,BioSample,SampleType,TaxID,ScientificName,SampleName,g1k_pop_code,source,g1k_analysis_group,Subject_ID,Sex,Disease,Tumor,Affection_Status,Analyte_Type,Histological_Type,Body_Site,CenterName,Submission,dbgap_study_accession,Consent,RunHash,ReadHash
SRR1765873,2015-02-12T00:00:00Z,2015-02-10T09:27:58Z,37218734,7518184268,37218734,202,4592,NA,https://sra-downloadb.be-md.ncbi.nlm.nih.gov/sos5/sra-pub-zq-11/SRR001/765/SRR1765873/SRR1765873.sralite.1,SRX847406,Cp204,WGS,size fractionation,GENOMIC,PAIRED,0,0,ILLUMINA,Illumina HiSeq 2500,SRP051664,PRJNA271489,2,271489,SRS822880,SAMN03274559,simple,3649,Carica papaya,Cp204,NA,NA,NA,NA,male,NA,no,NA,NA,NA,NA,UIUC,SRA222207,NA,public,F0371C0A1371B862C26FFFE07C189C1E,E8A0D07FFFF29A30BA4BB2F61C39E489
SRR1766380,2015-02-12T00:00:00Z,2015-02-10T10:52:08Z,15850446,3201790092,15850446,202,1794,NA,https://sra-downloadb.be-md.ncbi.nlm.nih.gov/sos5/sra-pub-zq-11/SRR001/766/SRR1766380/SRR1766380.sralite.1,SRX847802,HCAR310,WGS,size fractionation,GENOMIC,PAIRED,0,0,ILLUMINA,Illumina HiSeq 2500,SRP051664,PRJNA271489,2,271489,SRS823259,SAMN03274588,simple,3649,Carica papaya,HCAR310,NA,NA,NA,NA,hermaphrodite,NA,no,NA,NA,NA,NA,UIUC,SRA222207,NA,public,02ABA8BF30449A38CF631D8286546E59,F848B3EAE788EDEA4B5EE0C45C09E181
SRR1766381,2015-02-12T00:00:00Z,2015-02-10T10:54:48Z,15531622,3137387644,15531622,202,1762,NA,https://sra-downloadb.be-md.ncbi.nlm.nih.gov/sos5/sra-pub-zq-11/SRR001/766/SRR1766381/SRR1766381.sralite.1,SRX847803,HCAR314,WGS,size fractionation,GENOMIC,PAIRED,0,0,ILLUMINA,Illumina HiSeq 2500,SRP051664,PRJNA271489,2,271489,SRS823260,SAMN03274589,simple,3649,Carica papaya,HCAR314,NA,NA,NA,NA,hermaphrodite,NA,no,NA,NA,NA,NA,UIUC,SRA222207,NA,public,F1AB638E9F82B9A9A96845A97522831F,C0F0BE8156DEBEC9CBA496531715C177
SRR1766382,2015-02-12T00:00:00Z,2015-02-10T12:00:34Z,29987992,6057574384,29987992,202,3440,NA,https://sra-downloadb.be-md.ncbi.nlm.nih.gov/sos5/sra-pub-zq-11/SRR001/766/SRR1766382/SRR1766382.sralite.1,SRX847805,HCAR321,WGS,size fractionation,GENOMIC,PAIRED,0,0,ILLUMINA,Illumina HiSeq 2500,SRP051664,PRJNA271489,2,271489,SRS823262,SAMN03274590,simple,3649,Carica papaya,HCAR321,NA,NA,NA,NA,hermaphrodite,NA,no,NA,NA,NA,NA,UIUC,SRA222207,NA,public,90FACB503E0E6D527F950BD3066BE4B3,8F238DD374B0BC2BD33AF5BD043C1ACA
SRR1766375,2015-02-12T00:00:00Z,2015-02-10T02:04:05Z,26815590,5416749180,26815590,202,3554,NA,https://sra-downloadb.be-md.ncbi.nlm.nih.gov/sos5/sra-pub-zq-11/SRR001/766/SRR1766375/SRR1766375.sralite.1,SRX847797,HCAR196,WGS,size fractionation,GENOMIC,PAIRED,0,0,ILLUMINA,Illumina HiSeq 2500,SRP051664,PRJNA271489,2,271489,SRS823254,SAMN03274583,simple,3649,Carica papaya,HCAR196,NA,NA,NA,NA,hermaphrodite,NA,no,NA,NA,NA,NA,UIUC,SRA222207,NA,public,5144E61E0B91068B893D1FD1478E0228,8D32F80616FDE29FDF1488FDD91FED67
SRR1766376,2015-02-12T00:00:00Z,2015-02-10T09:29:14Z,18931566,3824176332,18931566,202,2133,NA,https://sra-downloadb.be-md.ncbi.nlm.nih.gov/sos5/sra-pub-zq-11/SRR001/766/SRR1766376/SRR1766376.sralite.1,SRX847798,HCAR207,WGS,size fractionation,GENOMIC,PAIRED,0,0,ILLUMINA,Illumina HiSeq 2500,SRP051664,PRJNA271489,2,271489,SRS823255,SAMN03274584,simple,3649,Carica papaya,HCAR207,NA,NA,NA,NA,hermaphrodite,NA,no,NA,NA,NA,NA,UIUC,SRA222207,NA,public,4B56892A437CAC37C698C958B3024187,FB93089E8EDE13F818CE3680EDF7B835
SRR1766377,2015-02-12T00:00:00Z,2015-02-10T02:09:07Z,18322599,3701164998,18322599,202,2088,NA,https://sra-downloadb.be-md.ncbi.nlm.nih.gov/sos5/sra-pub-zq-11/SRR001/766/SRR1766377/SRR1766377.sralite.1,SRX847799,HCAR217,WGS,size fractionation,GENOMIC,PAIRED,0,0,ILLUMINA,Illumina HiSeq 2500,SRP051664,PRJNA271489,2,271489,SRS823256,SAMN03274585,simple,3649,Carica papaya,HCAR217,NA,NA,NA,NA,hermaphrodite,NA,no,NA,NA,NA,NA,UIUC,SRA222207,NA,public,64E4ACBAD893E685BC0457F4610087B3,1481DD0465B965A7A47223337DBA4135
SRR1766378,2015-02-12T00:00:00Z,2015-02-10T10:52:16Z,16799494,3393497788,16799494,202,1913,NA,https://sra-downloadb.be-md.ncbi.nlm.nih.gov/sos5/sra-pub-zq-11/SRR001/766/SRR1766378/SRR1766378.sralite.1,SRX847800,HCAR302,WGS,size fractionation,GENOMIC,PAIRED,0,0,ILLUMINA,Illumina HiSeq 2500,SRP051664,PRJNA271489,2,271489,SRS823257,SAMN03274586,simple,3649,Carica papaya,HCAR302,NA,NA,NA,NA,hermaphrodite,NA,no,NA,NA,NA,NA,UIUC,SRA222207,NA,public,83EFEB3148C739CBDA44078DEBE20C03,2A89E3793829BA441BDC0DE43CA680BB
SRR1766379,2015-02-12T00:00:00Z,2015-02-10T10:51:32Z,13912543,2810333686,13912543,202,1592,NA,https://sra-downloadb.be-md.ncbi.nlm.nih.gov/sos5/sra-pub-zq-11/SRR001/766/SRR1766379/SRR1766379.sralite.1,SRX847801,HCAR309,WGS,size fractionation,GENOMIC,PAIRED,0,0,ILLUMINA,Illumina HiSeq 2500,SRP051664,PRJNA271489,2,271489,SRS823258,SAMN03274587,simple,3649,Carica papaya,HCAR309,NA,NA,NA,NA,hermaphrodite,NA,no,NA,NA,NA,NA,UIUC,SRA222207,NA,public,8A0961B68DA58C59766AE0F02E46D228,84E86B89CDBB4C50F98E9F25EA90AEBC
SRR1766348,2015-02-12T00:00:00Z,2015-02-10T01:50:03Z,30527403,6166535406,30527403,202,3717,NA,https://sra-downloadb.be-md.ncbi.nlm.nih.gov/sos5/sra-pub-zq-11/SRR001/766/SRR1766348/SRR1766348.sralite.1,SRX847792,Cp227,WGS,size fractionation,GENOMIC,PAIRED,0,0,ILLUMINA,Illumina HiSeq 2500,SRP051664,PRJNA271489,2,271489,SRS823249,SAMN03274578,simple,3649,Carica papaya,Cp227,NA,NA,NA,NA,male,NA,no,NA,NA,NA,NA,UIUC,SRA222207,NA,public,AED11950455B90E631463EEBC83863C8,03AABF6BAE877A108202D536684BBF31
SRR1822199,2015-02-28T15:40:13Z,2015-02-28T15:30:19Z,30405103,6141830806,30405103,202,3480,assembly,https://sra-downloadb.be-md.ncbi.nlm.nih.gov/sos5/sra-pub-zq-11/SRR001/822/SRR1822199/SRR1822199.sralite.1,SRX847793,HCAR16,WGS,size fractionation,GENOMIC,PAIRED,0,0,ILLUMINA,Illumina HiSeq 2500,SRP051664,PRJNA271489,2,271489,SRS823250,SAMN03274579,simple,3649,Carica papaya,HCAR16,NA,NA,NA,NA,hermaphrodite,NA,no,NA,NA,NA,NA,UIUC,SRA222207,NA,public,DB0B96A9A80C0F9E4ED1E1172E1B7AA4,430C824E94C138ACBD4F22034D86DD8E
SRR1766372,2015-02-12T00:00:00Z,2015-02-10T02:07:39Z,47308928,9556403456,47308928,202,6184,NA,https://sra-downloadb.be-md.ncbi.nlm.nih.gov/sos5/sra-pub-zq-11/SRR001/766/SRR1766372/SRR1766372.sralite.1,SRX847794,HCAR17,WGS,size fractionation,GENOMIC,PAIRED,0,0,ILLUMINA,Illumina HiSeq 2500,SRP051664,PRJNA271489,2,271489,SRS823251,SAMN03274580,simple,3649,Carica papaya,HCAR17,NA,NA,NA,NA,hermaphrodite,NA,no,NA,NA,NA,NA,UIUC,SRA222207,NA,public,7771C81F41EEC76D9375D490A76D8961,3B63E44A8A33F3972941F2656120199A
SRR1822201,2015-02-28T14:40:10Z,2015-02-28T14:28:59Z,27625175,5580285350,27625175,202,3178,assembly,https://sra-downloadb.be-md.ncbi.nlm.nih.gov/sos5/sra-pub-zq-11/SRR001/822/SRR1822201/SRR1822201.sralite.1,SRX847795,HCAR20,WGS,size fractionation,GENOMIC,PAIRED,0,0,ILLUMINA,Illumina HiSeq 2500,SRP051664,PRJNA271489,2,271489,SRS823252,SAMN03274581,simple,3649,Carica papaya,HCAR20,NA,NA,NA,NA,hermaphrodite,NA,no,NA,NA,NA,NA,UIUC,SRA222207,NA,public,09152773B9D9D1A435ECFDD3BC2B1489,78B6F5E367A34E4CDD1A70AE626CDCD6
SRR1766374,2015-02-12T00:00:00Z,2015-02-10T02:15:56Z,48174233,9731195066,48174233,202,6312,NA,https://sra-downloadb.be-md.ncbi.nlm.nih.gov/sos5/sra-pub-zq-11/SRR001/766/SRR1766374/SRR1766374.sralite.1,SRX847796,HCAR27,WGS,size fractionation,GENOMIC,PAIRED,0,0,ILLUMINA,Illumina HiSeq 2500,SRP051664,PRJNA271489,2,271489,SRS823253,SAMN03274582,simple,3649,Carica papaya,HCAR27,NA,NA,NA,NA,hermaphrodite,NA,no,NA,NA,NA,NA,UIUC,SRA222207,NA,public,FD26D81D68AB899A72CDF6B3FE624E70,7186F460987940F33228320F6270B9D3
SRR1822202,2015-02-28T15:38:10Z,2015-02-28T15:28:01Z,33323365,6731319629,33323364,201,3725,assembly,https://sra-downloadb.be-md.ncbi.nlm.nih.gov/sos5/sra-pub-zq-11/SRR001/822/SRR1822202/SRR1822202.sralite.1,SRX847796,HCAR27,WGS,size fractionation,GENOMIC,PAIRED,0,0,ILLUMINA,Illumina HiSeq 2500,SRP051664,PRJNA271489,2,271489,SRS823253,SAMN03274582,simple,3649,Carica papaya,HCAR27,NA,NA,NA,NA,hermaphrodite,NA,no,NA,NA,NA,NA,UIUC,SRA222207,NA,public,F2F5C8726F98B03673FD80F96DC1F0ED,FEBBEAA20BEFD2454EE4DB3A88F3C47D
SRR1766341,2015-02-12T00:00:00Z,2015-02-09T23:49:11Z,41564101,8395948402,41564101,202,5027,NA,https://sra-downloadb.be-md.ncbi.nlm.nih.gov/sos5/sra-pub-zq-11/SRR001/766/SRR1766341/SRR1766341.sralite.1,SRX847790,Cp171,WGS,size fractionation,GENOMIC,PAIRED,0,0,ILLUMINA,Illumina HiSeq 2500,SRP051664,PRJNA271489,2,271489,SRS823247,SAMN03274576,simple,3649,Carica papaya,Cp171,NA,NA,NA,NA,male,NA,no,NA,NA,NA,NA,UIUC,SRA222207,NA,public,3AE1046E7D0CEA50D4AD394C03C0BBBE,9B096A3EDB5956EA6FC6B74B1AC41BB7
SRR1822194,2015-02-28T16:34:11Z,2015-02-28T16:26:22Z,28451281,5747158762,28451281,202,2916,assembly,https://sra-downloadb.be-md.ncbi.nlm.nih.gov/sos5/sra-pub-zq-11/SRR001/822/SRR1822194/SRR1822194.sralite.1,SRX847788,Cp188,WGS,size fractionation,GENOMIC,PAIRED,0,0,ILLUMINA,Illumina HiSeq 2500,SRP051664,PRJNA271489,2,271489,SRS823245,SAMN03274574,simple,3649,Carica papaya,Cp188,NA,NA,NA,NA,male,NA,no,NA,NA,NA,NA,UIUC,SRA222207,NA,public,01709CFF6F536F4E8014CF6D5B5C61BF,AF6A119CC1262D1C4B6B6148B5073E72
SRR1766339,2015-02-12T00:00:00Z,2015-02-10T01:34:20Z,31997441,6463483082,31997441,202,3897,NA,https://sra-downloadb.be-md.ncbi.nlm.nih.gov/sos5/sra-pub-zq-11/SRR001/766/SRR1766339/SRR1766339.sralite.1,SRX847789,Cp202,WGS,size fractionation,GENOMIC,PAIRED,0,0,ILLUMINA,Illumina HiSeq 2500,SRP051664,PRJNA271489,2,271489,SRS823246,SAMN03274575,simple,3649,Carica papaya,Cp202,NA,NA,NA,NA,male,NA,no,NA,NA,NA,NA,UIUC,SRA222207,NA,public,D06A30DBC924EDF81F46AF997EDF6802,51ACFDD146ED00EA1DC2D1A0C7D1C7F7
SRR1822197,2015-02-28T16:00:12Z,2015-02-28T15:42:41Z,46041481,9300379162,46041481,202,4690,assembly,https://sra-downloadb.be-md.ncbi.nlm.nih.gov/sos5/sra-pub-zq-11/SRR001/822/SRR1822197/SRR1822197.sralite.1,SRX847791,Cp222,WGS,size fractionation,GENOMIC,PAIRED,0,0,ILLUMINA,Illumina HiSeq 2500,SRP051664,PRJNA271489,2,271489,SRS823248,SAMN03274577,simple,3649,Carica papaya,Cp222,NA,NA,NA,NA,male,NA,no,NA,NA,NA,NA,UIUC,SRA222207,NA,public,9650A3C7109A6DCCF515A2B0DD547ECA,59835A42B7EA448B9868EEB14080FFFB
SRR1822191,2015-02-28T16:35:11Z,2015-02-28T16:28:48Z,16498230,3332642460,16498230,202,1704,assembly,https://sra-downloadb.be-md.ncbi.nlm.nih.gov/sos5/sra-pub-zq-11/SRR001/822/SRR1822191/SRR1822191.sralite.1,SRX847786,Cp50,WGS,size fractionation,GENOMIC,PAIRED,0,0,ILLUMINA,Illumina HiSeq 2500,SRP051664,PRJNA271489,2,271489,SRS823243,SAMN03274573,simple,3649,Carica papaya,Cp50,NA,NA,NA,NA,male,NA,no,NA,NA,NA,NA,UIUC,SRA222207,NA,public,EF3B70008E66E1A1DE10951519F2E10E,726E6F209358540EBAED7B7554E78E4E
SRR1765885,2015-02-12T00:00:00Z,2015-02-09T23:53:04Z,51569790,10417097580,51569790,202,6239,NA,https://sra-downloadb.be-md.ncbi.nlm.nih.gov/sos5/sra-pub-zq-11/SRR001/765/SRR1765885/SRR1765885.sralite.1,SRX847421,Cp172,WGS,size fractionation,GENOMIC,PAIRED,0,0,ILLUMINA,Illumina HiSeq 2500,SRP051664,PRJNA271489,2,271489,SRS822894,SAMN03274568,simple,3649,Carica papaya,Cp172,NA,NA,NA,NA,male,NA,no,NA,NA,NA,NA,UIUC,SRA222207,NA,public,E21D3F5A04BF4A4BE768099F203DFAD4,79FCA063F8A5D20DCF8F5C69518A3DAE
SRR1822171,2015-03-01T17:03:10Z,2015-03-01T16:54:33Z,25526766,5156406732,25526766,202,2649,assembly,https://sra-downloadb.be-md.ncbi.nlm.nih.gov/sos5/sra-pub-zq-11/SRR001/822/SRR1822171/SRR1822171.sralite.1,SRX847422,Cp173,WGS,size fractionation,GENOMIC,PAIRED,0,0,ILLUMINA,Illumina HiSeq 2500,SRP051664,PRJNA271489,2,271489,SRS822895,SAMN03274569,simple,3649,Carica papaya,Cp173,NA,NA,NA,NA,male,NA,no,NA,NA,NA,NA,UIUC,SRA222207,NA,public,A18ED9011E59AC281EB8C6EB5F3BB26D,3E0D3380139E81BC2D9F01F3B97E9FD2
SRR1766336,2015-02-12T00:00:00Z,2015-02-10T01:27:53Z,22674546,4580258292,22674546,202,2781,NA,https://sra-downloadb.be-md.ncbi.nlm.nih.gov/sos5/sra-pub-zq-11/SRR001/766/SRR1766336/SRR1766336.sralite.1,SRX847785,Cp185,WGS,size fractionation,GENOMIC,PAIRED,0,0,ILLUMINA,Illumina HiSeq 2500,SRP051664,PRJNA271489,2,271489,SRS823242,SAMN03274572,simple,3649,Carica papaya,Cp185,NA,NA,NA,NA,male,NA,no,NA,NA,NA,NA,UIUC,SRA222207,NA,public,A7C954459E0FF2EFDEB7C1BCEFC57A4C,611832A4F241E65300F961781F3B249B
SRR1765887,2015-02-12T00:00:00Z,2015-02-08T19:10:53Z,20800737,4201748874,20800737,202,2593,NA,https://sra-downloadb.be-md.ncbi.nlm.nih.gov/sos5/sra-pub-zq-11/SRR001/765/SRR1765887/SRR1765887.sralite.1,SRX847423,Cp242,WGS,size fractionation,GENOMIC,PAIRED,0,0,ILLUMINA,Illumina HiSeq 2500,SRP051664,PRJNA271489,2,271489,SRS822896,SAMN03274570,simple,3649,Carica papaya,Cp242,NA,NA,NA,NA,male,NA,no,NA,NA,NA,NA,UIUC,SRA222207,NA,public,4DFE75C424C44A7D7B1FCFD41C000359,15381C9731D72CDE51E708E85B0DCB9E
SRR1822174,2015-02-28T13:45:11Z,2015-02-28T13:31:55Z,38109972,7698214344,38109972,202,3868,assembly,https://sra-downloadb.be-md.ncbi.nlm.nih.gov/sos5/sra-pub-zq-11/SRR001/822/SRR1822174/SRR1822174.sralite.1,SRX847784,Cp245,WGS,size fractionation,GENOMIC,PAIRED,0,0,ILLUMINA,Illumina HiSeq 2500,SRP051664,PRJNA271489,2,271489,SRS823241,SAMN03274571,simple,3649,Carica papaya,Cp245,NA,NA,NA,NA,male,NA,no,NA,NA,NA,NA,UIUC,SRA222207,NA,public,82AE88AD77BC337CFB5A4F8C1D9CB856,695AC7F511988D0A6D7E06EFE0A99356
SRR1765882,2015-02-12T00:00:00Z,2015-02-10T00:14:42Z,52530869,10611235538,52530869,202,6801,NA,https://sra-downloadb.be-md.ncbi.nlm.nih.gov/sos5/sra-pub-zq-11/SRR001/765/SRR1765882/SRR1765882.sralite.1,SRX847413,Cp125,WGS,size fractionation,GENOMIC,PAIRED,0,0,ILLUMINA,Illumina HiSeq 2500,SRP051664,PRJNA271489,2,271489,SRS822886,SAMN03274565,simple,3649,Carica papaya,Cp125,NA,NA,NA,NA,male,NA,no,NA,NA,NA,NA,UIUC,SRA222207,NA,public,28F0114E195ED6D748BA78DFB3C71D34,8B494A28A60CA0C7DF31312204135557
SRR1822136,2015-03-01T17:16:10Z,2015-03-01T17:03:21Z,45642555,9219796110,45642555,202,4972,assembly,https://sra-downloadb.be-md.ncbi.nlm.nih.gov/sos5/sra-pub-zq-11/SRR001/822/SRR1822136/SRR1822136.sralite.1,SRX847415,Cp128,WGS,size fractionation,GENOMIC,PAIRED,0,0,ILLUMINA,Illumina HiSeq 2500,SRP051664,PRJNA271489,2,271489,SRS822888,SAMN03274566,simple,3649,Carica papaya,Cp128,NA,NA,NA,NA,male,NA,no,NA,NA,NA,NA,UIUC,SRA222207,NA,public,B0B611DF0B2343637D4FE7FFCC16D6C9,FD178912126787576B0301AF664F89EA
SRR1765884,2015-02-12T00:00:00Z,2015-02-10T01:42:18Z,46838557,9461388514,46838557,202,6049,NA,https://sra-downloadb.be-md.ncbi.nlm.nih.gov/sos5/sra-pub-zq-11/SRR001/765/SRR1765884/SRR1765884.sralite.1,SRX847420,Cp221,WGS,size fractionation,GENOMIC,PAIRED,0,0,ILLUMINA,Illumina HiSeq 2500,SRP051664,PRJNA271489,2,271489,SRS822893,SAMN03274567,simple,3649,Carica papaya,Cp221,NA,NA,NA,NA,male,NA,no,NA,NA,NA,NA,UIUC,SRA222207,NA,public,316822061AB3602F5C60B6A19DC8DC29,0527899F825D3B3279A3BB02F4CD4E64
SRR1765880,2015-02-12T00:00:00Z,2015-02-02T21:10:41Z,40331523,8146967646,40331523,202,5272,NA,https://sra-downloadb.be-md.ncbi.nlm.nih.gov/sos5/sra-pub-zq-11/SRR001/765/SRR1765880/SRR1765880.sralite.1,SRX847410,Cp82,WGS,size fractionation,GENOMIC,PAIRED,0,0,ILLUMINA,Illumina HiSeq 2500,SRP051664,PRJNA271489,2,271489,SRS822884,SAMN03274563,simple,3649,Carica papaya,Cp82,NA,NA,NA,NA,male,NA,no,NA,NA,NA,NA,UIUC,SRA222207,NA,public,4444773D93B312D59115A7FD80C2CBA8,A36EE9C9C9EAA250A7EFBB4316BEAC47
SRR1822134,2015-02-27T20:45:11Z,2015-02-27T20:30:45Z,39844156,8048519512,39844156,202,4498,assembly,https://sra-downloadb.be-md.ncbi.nlm.nih.gov/sos5/sra-pub-zq-11/SRR001/822/SRR1822134/SRR1822134.sralite.1,SRX847411,Cp96,WGS,size fractionation,GENOMIC,PAIRED,0,0,ILLUMINA,Illumina HiSeq 2500,SRP051664,PRJNA271489,2,271489,SRS822885,SAMN03274564,simple,3649,Carica papaya,Cp96,NA,NA,NA,NA,male,NA,no,NA,NA,NA,NA,UIUC,SRA222207,NA,public,F571FCB89ECC6871FF4113CE86AF4BD2,907977E5EEBA850EB458C6E9F91D5258
SRR1740597,2015-02-12T00:00:00Z,2015-01-18T16:50:18Z,37729972,7621454344,37729972,202,4741,NA,https://sra-downloadb.be-md.ncbi.nlm.nih.gov/sos5/sra-pub-zq-11/SRR001/740/SRR1740597/SRR1740597.sralite.1,SRX828828,Cp112,WGS,size fractionation,GENOMIC,PAIRED,0,0,ILLUMINA,Illumina HiSeq 2500,SRP051664,PRJNA271489,2,271489,SRS807810,SAMN03274557,simple,3649,Carica papaya,Cp112,NA,NA,NA,NA,male,NA,no,NA,NA,NA,NA,UIUC,SRA222207,NA,public,AA2E031C2CB9D4E35F39FAA10ECE1EEE,3F266D6E56F1587FA54EAE6E13AF0E0B
SRR1821888,2015-02-27T19:27:13Z,2015-02-27T19:14:38Z,38088943,7693966486,38088943,202,3987,assembly,https://sra-downloadb.be-md.ncbi.nlm.nih.gov/sos5/sra-pub-zq-11/SRR001/821/SRR1821888/SRR1821888.sralite.1,SRX829703,Cp203,WGS,size fractionation,GENOMIC,PAIRED,0,0,ILLUMINA,Illumina HiSeq 2500,SRP051664,PRJNA271489,2,271489,SRS808470,SAMN03274558,simple,3649,Carica papaya,Cp203,NA,NA,NA,NA,male,NA,no,NA,NA,NA,NA,UIUC,SRA222207,NA,public,00A532A77E608A134F0EEB78100E2523,15E38A44CDAA2E5A561F1A1D4AA2F444
SRR1765875,2015-02-12T00:00:00Z,2015-01-21T06:42:53Z,29190589,5896498978,29190589,202,3931,NA,https://sra-downloadb.be-md.ncbi.nlm.nih.gov/sos5/sra-pub-zq-11/SRR001/765/SRR1765875/SRR1765875.sralite.1,SRX847407,Cp54,WGS,size fractionation,GENOMIC,PAIRED,0,0,ILLUMINA,Illumina HiSeq 2500,SRP051664,PRJNA271489,2,271489,SRS822881,SAMN03274560,simple,3649,Carica papaya,Cp54,NA,NA,NA,NA,male,NA,no,NA,NA,NA,NA,UIUC,SRA222207,NA,public,A09DA03E24FCDD9FCC5DB16C7962D599,F81C48B46A830E399F80E82B8C5077BB
SRR1822120,2015-02-27T20:29:13Z,2015-02-27T20:21:00Z,25835569,5218784938,25835569,202,3022,assembly,https://sra-downloadb.be-md.ncbi.nlm.nih.gov/sos5/sra-pub-zq-11/SRR001/822/SRR1822120/SRR1822120.sralite.1,SRX847408,Cp57,WGS,size fractionation,GENOMIC,PAIRED,0,0,ILLUMINA,Illumina HiSeq 2500,SRP051664,PRJNA271489,2,271489,SRS822882,SAMN03274561,simple,3649,Carica papaya,Cp57,NA,NA,NA,NA,male,NA,no,NA,NA,NA,NA,UIUC,SRA222207,NA,public,6DB2D847EE8CD5FF77C8CF3DEB5C6E54,5513BEC5DA91133722D33FCD77DF2E5E
SRR1765878,2015-02-12T00:00:00Z,2015-02-10T01:53:45Z,17529174,3540893148,17529174,202,2339,NA,https://sra-downloadb.be-md.ncbi.nlm.nih.gov/sos5/sra-pub-zq-11/SRR001/765/SRR1765878/SRR1765878.sralite.1,SRX847409,Cp66,WGS,size fractionation,GENOMIC,PAIRED,0,0,ILLUMINA,Illumina HiSeq 2500,SRP051664,PRJNA271489,2,271489,SRS822883,SAMN03274562,simple,3649,Carica papaya,Cp66,NA,NA,NA,NA,male,NA,no,NA,NA,NA,NA,UIUC,SRA222207,NA,public,9236728E58C7C72C15CAC4B295C039D2,E21B3B284A2306A54622A0E8A0B56F59
SRR1738103,2015-02-12T00:00:00Z,2015-01-05T22:28:37Z,30596007,6180393414,30596007,202,3745,NA,https://sra-downloadb.be-md.ncbi.nlm.nih.gov/sos5/sra-pub-zq-11/SRR001/738/SRR1738103/SRR1738103.sralite.1,SRX826461,Cp11,WGS,size fractionation,GENOMIC,PAIRED,0,0,ILLUMINA,Illumina HiSeq 2500,SRP051664,PRJNA271489,2,271489,SRS805984,SAMN03274555,simple,3649,Carica papaya,Cp11,NA,NA,NA,NA,male,NA,no,NA,NA,NA,NA,UIUC,SRA222207,NA,public,BB948EC73A4632BF68F99F87E11F80D0,45F8B1044CAB5D6D8F6083D15F4C353B
SRR1821886,2015-02-27T18:54:10Z,2015-02-27T18:33:42Z,45068687,9103874774,45068687,202,4654,assembly,https://sra-downloadb.be-md.ncbi.nlm.nih.gov/sos5/sra-pub-zq-11/SRR001/821/SRR1821886/SRR1821886.sralite.1,SRX828825,Cp44,WGS,size fractionation,GENOMIC,PAIRED,0,0,ILLUMINA,Illumina HiSeq 2500,SRP051664,PRJNA271489,2,271489,SRS807808,SAMN03274556,simple,3649,Carica papaya,Cp44,NA,NA,NA,NA,male,NA,no,NA,NA,NA,NA,UIUC,SRA222207,NA,public,5B4015F18453E7F2EF9B0E347E9A8975,E3F918533AD2199FB94EF7E9A558BC24
SRR13480995,2021-01-19T07:38:07Z,2021-01-19T07:04:09Z,24372353,12234921206,24372353,502,6495,NA,https://sra-downloadb.be-md.ncbi.nlm.nih.gov/sos9/sra-pub-zq-924/SRR013/13480/SRR13480995/SRR13480995.lite.1,SRX9893726,GuangHuang,WGS,DNase,GENOMIC,PAIRED,0,0,ILLUMINA,Illumina HiSeq 2500,SRP302298,PRJNA693144,NA,693144,SRS8072961,SAMN17378246,simple,3649,Carica papaya,GuangHuang,NA,NA,NA,NA,NA,NA,no,NA,NA,NA,NA,FUJIAN AGRICULTURE AND FORESTRY UNIVERSITY,SRA1185097,NA,public,52FD425A58D5FB2132969000259CC2A2,0E2B909B566A59D80DB36F6D799B1FA8
SRR13480994,2021-01-19T06:59:40Z,2021-01-19T06:52:42Z,27190371,13649566242,27190371,502,7097,NA,https://sra-downloadb.be-md.ncbi.nlm.nih.gov/sos9/sra-pub-zq-922/SRR013/13480/SRR13480994/SRR13480994.lite.1,SRX9893727,GuangMi,WGS,DNase,GENOMIC,PAIRED,0,0,ILLUMINA,Illumina HiSeq 2500,SRP302298,PRJNA693144,NA,693144,SRS8072962,SAMN17378247,simple,3649,Carica papaya,GuangMi,NA,NA,NA,NA,NA,NA,no,NA,NA,NA,NA,FUJIAN AGRICULTURE AND FORESTRY UNIVERSITY,SRA1185097,NA,public,811A842E75A2CE8CBC705E541971DE4C,4D852903D970362FBB58E9375E38A1A6
SRR13480993,2021-01-19T06:55:42Z,2021-01-19T06:49:03Z,20385855,10233699210,20385855,502,5607,NA,https://sra-downloadb.be-md.ncbi.nlm.nih.gov/sos9/sra-pub-zq-922/SRR013/13480/SRR13480993/SRR13480993.lite.1,SRX9893728,GuoGu,WGS,DNase,GENOMIC,PAIRED,0,0,ILLUMINA,Illumina HiSeq 2500,SRP302298,PRJNA693144,NA,693144,SRS8072963,SAMN17378248,simple,3649,Carica papaya,GuoGu,NA,NA,NA,NA,NA,NA,no,NA,NA,NA,NA,FUJIAN AGRICULTURE AND FORESTRY UNIVERSITY,SRA1185097,NA,public,7A66A176F655517CAD286B1D2E4DC625,DB6C1161FE0433A487CD81A6BC66726A
SRR13480992,2021-01-19T07:08:45Z,2021-01-19T07:01:48Z,28277465,14195287430,28277465,502,7486,NA,https://sra-downloadb.be-md.ncbi.nlm.nih.gov/sos9/sra-pub-zq-924/SRR013/13480/SRR13480992/SRR13480992.lite.1,SRX9893729,Heriloom,WGS,DNase,GENOMIC,PAIRED,0,0,ILLUMINA,Illumina HiSeq 2500,SRP302298,PRJNA693144,NA,693144,SRS8072964,SAMN17378249,simple,3649,Carica papaya,Heriloom,NA,NA,NA,NA,NA,NA,no,NA,NA,NA,NA,FUJIAN AGRICULTURE AND FORESTRY UNIVERSITY,SRA1185097,NA,public,C4D1915DF921468C2AB3F4DC6CACB48F,426E80B8777EB0273F6348C7E49285D2
SRR13480991,2021-01-19T06:50:21Z,2021-01-19T06:44:53Z,25177134,12638921268,25177134,502,6679,NA,https://sra-downloadb.be-md.ncbi.nlm.nih.gov/sos9/sra-pub-zq-924/SRR013/13480/SRR13480991/SRR13480991.lite.1,SRX9893730,HongFei,WGS,DNase,GENOMIC,PAIRED,0,0,ILLUMINA,Illumina HiSeq 2500,SRP302298,PRJNA693144,NA,693144,SRS8072965,SAMN17378250,simple,3649,Carica papaya,HongFei,NA,NA,NA,NA,NA,NA,no,NA,NA,NA,NA,FUJIAN AGRICULTURE AND FORESTRY UNIVERSITY,SRA1185097,NA,public,5C196D1C9A3DCF5CBCB6854621696C25,31345A1F25F135195EF2C5FB673B949F
SRR13481000,2021-01-19T06:53:39Z,2021-01-19T06:48:38Z,22296800,11192993600,22296800,502,5957,NA,https://sra-downloadb.be-md.ncbi.nlm.nih.gov/sos9/sra-pub-zq-922/SRR013/13481/SRR13481000/SRR13481000.lite.1,SRX9893721,You5,WGS,DNase,GENOMIC,PAIRED,0,0,ILLUMINA,Illumina HiSeq 2500,SRP302298,PRJNA693144,NA,693144,SRS8072956,SAMN17378270,simple,3649,Carica papaya,You5,NA,NA,NA,NA,NA,NA,no,NA,NA,NA,NA,FUJIAN AGRICULTURE AND FORESTRY UNIVERSITY,SRA1185097,NA,public,0CF00C938738B6D4FD2623BE2B25F72B,9F14708E6181BA4E7A9C7969EDA6CCC5
SRR13480999,2021-01-19T06:47:40Z,2021-01-19T06:42:36Z,16253995,8159505490,16253995,502,4721,NA,https://sra-downloadb.be-md.ncbi.nlm.nih.gov/sos9/sra-pub-zq-924/SRR013/13480/SRR13480999/SRR13480999.lite.1,SRX9893722,CX10H2,WGS,DNase,GENOMIC,PAIRED,0,0,ILLUMINA,Illumina HiSeq 2500,SRP302298,PRJNA693144,NA,693144,SRS8072957,SAMN17378244,simple,3649,Carica papaya,CX10H2,NA,NA,NA,NA,NA,NA,no,NA,NA,NA,NA,FUJIAN AGRICULTURE AND FORESTRY UNIVERSITY,SRA1185097,NA,public,3BC3B661507F16FE0257252923AD42D2,BA84147147462A51B6F067E6119E01FC
SRR13480998,2021-01-19T06:53:39Z,2021-01-19T06:48:56Z,21924827,11006263154,21924827,502,5894,NA,https://sra-downloadb.be-md.ncbi.nlm.nih.gov/sos9/sra-pub-zq-922/SRR013/13480/SRR13480998/SRR13480998.lite.1,SRX9893723,ZhongZhi1,WGS,DNase,GENOMIC,PAIRED,0,0,ILLUMINA,Illumina HiSeq 2500,SRP302298,PRJNA693144,NA,693144,SRS8072958,SAMN17378271,simple,3649,Carica papaya,ZhongZhi1,NA,NA,NA,NA,NA,NA,no,NA,NA,NA,NA,FUJIAN AGRICULTURE AND FORESTRY UNIVERSITY,SRA1185097,NA,public,0E43FC388BDEB24317A10F8BA89C9E9C,7E8509130A4CF8D77DA239922EDE1F56
SRR13480997,2021-01-19T06:49:35Z,2021-01-19T06:45:54Z,20902356,10492982712,20902356,502,5647,NA,https://sra-downloadb.be-md.ncbi.nlm.nih.gov/sos9/sra-pub-zq-924/SRR013/13480/SRR13480997/SRR13480997.lite.1,SRX9893724,ZhongZhi2,WGS,DNase,GENOMIC,PAIRED,0,0,ILLUMINA,Illumina HiSeq 2500,SRP302298,PRJNA693144,NA,693144,SRS8072959,SAMN17378272,simple,3649,Carica papaya,ZhongZhi2,NA,NA,NA,NA,NA,NA,no,NA,NA,NA,NA,FUJIAN AGRICULTURE AND FORESTRY UNIVERSITY,SRA1185097,NA,public,11FF5D6DE77F713669924D3EAFABD3F2,3034EA502FE726C17A5F4A1B6F5F76D3
SRR13480996,2021-01-19T06:51:36Z,2021-01-19T06:48:16Z,20710950,10396896900,20710950,502,5523,NA,https://sra-downloadb.be-md.ncbi.nlm.nih.gov/sos9/sra-pub-zq-922/SRR013/13480/SRR13480996/SRR13480996.lite.1,SRX9893725,Golden,WGS,DNase,GENOMIC,PAIRED,0,0,ILLUMINA,Illumina HiSeq 2500,SRP302298,PRJNA693144,NA,693144,SRS8072960,SAMN17378245,simple,3649,Carica papaya,Golden,NA,NA,NA,NA,NA,NA,no,NA,NA,NA,NA,FUJIAN AGRICULTURE AND FORESTRY UNIVERSITY,SRA1185097,NA,public,1710287B7C69C6B6CEE9BD91F8BD3D92,A83FBEF2D31641BC6913B341759DFB48
SRR13481005,2021-01-19T07:03:40Z,2021-01-19T06:59:20Z,23373280,11733386560,23373280,502,6173,NA,https://sra-downloadb.be-md.ncbi.nlm.nih.gov/sos9/sra-pub-zq-924/SRR013/13481/SRR13481005/SRR13481005.lite.1,SRX9893716,THA1,WGS,DNase,GENOMIC,PAIRED,0,0,ILLUMINA,Illumina HiSeq 2500,SRP302298,PRJNA693144,NA,693144,SRS8072951,SAMN17378265,simple,3649,Carica papaya,THA1,NA,NA,NA,NA,NA,NA,no,NA,NA,NA,NA,FUJIAN AGRICULTURE AND FORESTRY UNIVERSITY,SRA1185097,NA,public,1DC999A895F85A2AA824CAD5FA465AAA,7CF2C7D7E7F9532979803013F04528CB
SRR13481004,2021-01-19T07:38:07Z,2021-01-19T07:11:59Z,20463565,10272709630,20463565,502,5418,NA,https://sra-downloadb.be-md.ncbi.nlm.nih.gov/sos9/sra-pub-zq-922/SRR013/13481/SRR13481004/SRR13481004.lite.1,SRX9893717,UH928,WGS,DNase,GENOMIC,PAIRED,0,0,ILLUMINA,Illumina HiSeq 2500,SRP302298,PRJNA693144,NA,693144,SRS8072952,SAMN17378266,simple,3649,Carica papaya,UH928,NA,NA,NA,NA,NA,NA,no,NA,NA,NA,NA,FUJIAN AGRICULTURE AND FORESTRY UNIVERSITY,SRA1185097,NA,public,0EBB6298DD96588FE508816264EB4778,C3177BA012620D69F6A9F2152796F40B
SRR13481003,2021-01-19T06:45:40Z,2021-01-19T06:39:08Z,21735885,10911414270,21735885,502,5783,NA,https://sra-downloadb.be-md.ncbi.nlm.nih.gov/sos9/sra-pub-zq-922/SRR013/13481/SRR13481003/SRR13481003.lite.1,SRX9893718,XiaWeiYi,WGS,DNase,GENOMIC,PAIRED,0,0,ILLUMINA,Illumina HiSeq 2500,SRP302298,PRJNA693144,NA,693144,SRS8072953,SAMN17378267,simple,3649,Carica papaya,XiaWeiYi,NA,NA,NA,NA,NA,NA,no,NA,NA,NA,NA,FUJIAN AGRICULTURE AND FORESTRY UNIVERSITY,SRA1185097,NA,public,3DA157211503BC6839BF978F70892D24,8CB8FF19457C0E74B59447A21A415914
SRR13481002,2021-01-19T07:38:07Z,2021-01-19T07:24:15Z,28054726,14083472452,28054726,502,7484,NA,https://sra-downloadb.be-md.ncbi.nlm.nih.gov/sos9/sra-pub-zq-922/SRR013/13481/SRR13481002/SRR13481002.lite.1,SRX9893719,YiChiBai,WGS,DNase,GENOMIC,PAIRED,0,0,ILLUMINA,Illumina HiSeq 2500,SRP302298,PRJNA693144,NA,693144,SRS8072954,SAMN17378268,simple,3649,Carica papaya,YiChiBai,NA,NA,NA,NA,NA,NA,no,NA,NA,NA,NA,FUJIAN AGRICULTURE AND FORESTRY UNIVERSITY,SRA1185097,NA,public,80B9E533405DBA273782257FDAAF9193,CD9FF0A60028CC64AE1389532D66725F
SRR13481001,2021-01-19T07:38:07Z,2021-01-19T07:02:46Z,21741207,10914085914,21741207,502,5742,NA,https://sra-downloadb.be-md.ncbi.nlm.nih.gov/sos9/sra-pub-zq-924/SRR013/13481/SRR13481001/SRR13481001.lite.1,SRX9893720,YiChiZi,WGS,DNase,GENOMIC,PAIRED,0,0,ILLUMINA,Illumina HiSeq 2500,SRP302298,PRJNA693144,NA,693144,SRS8072955,SAMN17378269,simple,3649,Carica papaya,YiChiZi,NA,NA,NA,NA,NA,NA,no,NA,NA,NA,NA,FUJIAN AGRICULTURE AND FORESTRY UNIVERSITY,SRA1185097,NA,public,8C56C6A68709724C03C074D10BBFF55C,2AA440CDB0F95FB03D29ED237642F91B
SRR13481010,2021-01-19T07:38:07Z,2021-01-19T07:10:28Z,18935901,9505822302,18935901,502,5443,NA,https://sra-downloadb.be-md.ncbi.nlm.nih.gov/sos9/sra-pub-zq-924/SRR013/13481/SRR13481010/SRR13481010.lite.1,SRX9893711,CW10H2,WGS,DNase,GENOMIC,PAIRED,0,0,ILLUMINA,Illumina HiSeq 2500,SRP302298,PRJNA693144,NA,693144,SRS8072946,SAMN17378243,simple,3649,Carica papaya,CW10H2,NA,NA,NA,NA,NA,NA,no,NA,NA,NA,NA,FUJIAN AGRICULTURE AND FORESTRY UNIVERSITY,SRA1185097,NA,public,895635F31433B602D7E106841941CB33,8CA841955FFD15198A79117C8FE298E6
SRR13481009,2021-01-19T06:55:42Z,2021-01-19T06:52:11Z,22331101,11210212702,22331101,502,5995,NA,https://sra-downloadb.be-md.ncbi.nlm.nih.gov/sos9/sra-pub-zq-922/SRR013/13481/SRR13481009/SRR13481009.lite.1,SRX9893712,QPRS,WGS,DNase,GENOMIC,PAIRED,0,0,ILLUMINA,Illumina HiSeq 2500,SRP302298,PRJNA693144,NA,693144,SRS8072947,SAMN17378261,simple,3649,Carica papaya,QPRS,NA,NA,NA,NA,NA,NA,no,NA,NA,NA,NA,FUJIAN AGRICULTURE AND FORESTRY UNIVERSITY,SRA1185097,NA,public,5A5A12551F6ED37BD272CB7BDDB96309,76D70FC641BE7CBC31141837162E3821
SRR13481008,2021-01-19T06:53:39Z,2021-01-19T06:44:50Z,20126258,10103381516,20126258,502,5450,NA,https://sra-downloadb.be-md.ncbi.nlm.nih.gov/sos9/sra-pub-zq-924/SRR013/13481/SRR13481008/SRR13481008.lite.1,SRX9893713,RedRXYH,WGS,DNase,GENOMIC,PAIRED,0,0,ILLUMINA,Illumina HiSeq 2500,SRP302298,PRJNA693144,NA,693144,SRS8072948,SAMN17378262,simple,3649,Carica papaya,RedRXYH,NA,NA,NA,NA,NA,NA,no,NA,NA,NA,NA,FUJIAN AGRICULTURE AND FORESTRY UNIVERSITY,SRA1185097,NA,public,033E79F842DABF0AE0EBD2EF4BA50BC6,F8C8713DA544C24386569CBE14CD942E
SRR13481007,2021-01-19T07:38:07Z,2021-01-19T07:18:46Z,29037235,14576691970,29037235,502,7582,NA,https://sra-downloadb.be-md.ncbi.nlm.nih.gov/sos9/sra-pub-zq-922/SRR013/13481/SRR13481007/SRR13481007.lite.1,SRX9893714,SZH48,WGS,DNase,GENOMIC,PAIRED,0,0,ILLUMINA,Illumina HiSeq 2500,SRP302298,PRJNA693144,NA,693144,SRS8072949,SAMN17378263,simple,3649,Carica papaya,SZH48,NA,NA,NA,NA,NA,NA,no,NA,NA,NA,NA,FUJIAN AGRICULTURE AND FORESTRY UNIVERSITY,SRA1185097,NA,public,578F5AF0C69DD3F0B3AB97A733C0D754,F75B70897C82A567572B52F7C6EDBCFC
SRR13481006,2021-01-19T06:53:39Z,2021-01-19T06:44:16Z,22249264,11169130528,22249264,502,5955,NA,https://sra-downloadb.be-md.ncbi.nlm.nih.gov/sos9/sra-pub-zq-924/SRR013/13481/SRR13481006/SRR13481006.lite.1,SRX9893715,TaiNong2,WGS,DNase,GENOMIC,PAIRED,0,0,ILLUMINA,Illumina HiSeq 2500,SRP302298,PRJNA693144,NA,693144,SRS8072950,SAMN17378264,simple,3649,Carica papaya,TaiNong2,NA,NA,NA,NA,NA,NA,no,NA,NA,NA,NA,FUJIAN AGRICULTURE AND FORESTRY UNIVERSITY,SRA1185097,NA,public,4765ADFD7F53B09C43F127337EF8ACD2,739532C9028C4EF22AE24637FF28DF9E
SRR13481015,2021-01-19T06:50:21Z,2021-01-19T06:44:45Z,13101684,6577045368,13101684,502,3354,NA,https://sra-downloadb.be-md.ncbi.nlm.nih.gov/sos9/sra-pub-zq-924/SRR013/13481/SRR13481015/SRR13481015.lite.1,SRX9893706,HongRi5,WGS,DNase,GENOMIC,PAIRED,0,0,ILLUMINA,Illumina HiSeq 2500,SRP302298,PRJNA693144,NA,693144,SRS8072941,SAMN17378256,simple,3649,Carica papaya,HongRi5,NA,NA,NA,NA,NA,NA,no,NA,NA,NA,NA,FUJIAN AGRICULTURE AND FORESTRY UNIVERSITY,SRA1185097,NA,public,CB65C18777F3D0BCA6FF0086EBB83E7B,4F9F6290B3DFA237E524E09A6A249EE5
SRR13481014,2021-01-19T07:08:45Z,2021-01-19T06:59:21Z,27129355,13618936210,27129355,502,7138,NA,https://sra-downloadb.be-md.ncbi.nlm.nih.gov/sos9/sra-pub-zq-924/SRR013/13481/SRR13481014/SRR13481014.lite.1,SRX9893707,HuaKang,WGS,DNase,GENOMIC,PAIRED,0,0,ILLUMINA,Illumina HiSeq 2500,SRP302298,PRJNA693144,NA,693144,SRS8072942,SAMN17378257,simple,3649,Carica papaya,HuaKang,NA,NA,NA,NA,NA,NA,no,NA,NA,NA,NA,FUJIAN AGRICULTURE AND FORESTRY UNIVERSITY,SRA1185097,NA,public,04322B96C96248815B2BE6ADD8916236,74406629E7F5FF2351958DFBFD44FA2F
SRR13481013,2021-01-19T07:38:07Z,2021-01-19T07:10:10Z,30934555,15529146610,30934555,502,8065,NA,https://sra-downloadb.be-md.ncbi.nlm.nih.gov/sos9/sra-pub-zq-924/SRR013/13481/SRR13481013/SRR13481013.lite.1,SRX9893708,KaekDahm,WGS,DNase,GENOMIC,PAIRED,0,0,ILLUMINA,Illumina HiSeq 2500,SRP302298,PRJNA693144,NA,693144,SRS8072943,SAMN17378258,simple,3649,Carica papaya,KaekDahm,NA,NA,NA,NA,NA,NA,no,NA,NA,NA,NA,FUJIAN AGRICULTURE AND FORESTRY UNIVERSITY,SRA1185097,NA,public,17A310B77BA7CF4C56BFB48BDCB6CC59,7DF62E1952C43DE1E55D7A703F79B53A
SRR13481012,2021-01-19T06:49:35Z,2021-01-19T06:43:52Z,20939769,10511764038,20939769,502,5626,NA,https://sra-downloadb.be-md.ncbi.nlm.nih.gov/sos9/sra-pub-zq-924/SRR013/13481/SRR13481012/SRR13481012.lite.1,SRX9893709,MZH,WGS,DNase,GENOMIC,PAIRED,0,0,ILLUMINA,Illumina HiSeq 2500,SRP302298,PRJNA693144,NA,693144,SRS8072944,SAMN17378259,simple,3649,Carica papaya,MZH,NA,NA,NA,NA,NA,NA,no,NA,NA,NA,NA,FUJIAN AGRICULTURE AND FORESTRY UNIVERSITY,SRA1185097,NA,public,211B8031CAB980290B2C66E0E3D00E12,A5182160400E31EA59048DDA0B608385
SRR13481011,2021-01-19T06:51:36Z,2021-01-19T06:44:58Z,18478097,9276004694,18478097,502,4997,NA,https://sra-downloadb.be-md.ncbi.nlm.nih.gov/sos9/sra-pub-zq-924/SRR013/13481/SRR13481011/SRR13481011.lite.1,SRX9893710,Paw,WGS,DNase,GENOMIC,PAIRED,0,0,ILLUMINA,Illumina HiSeq 2500,SRP302298,PRJNA693144,NA,693144,SRS8072945,SAMN17378260,simple,3649,Carica papaya,Paw,NA,NA,NA,NA,NA,NA,no,NA,NA,NA,NA,FUJIAN AGRICULTURE AND FORESTRY UNIVERSITY,SRA1185097,NA,public,A3A6509E83BEEC74E177A43E661E495B,FCC561E897DAC34AFCBD87EB58DD6A1F
SRR13481020,2021-01-19T07:08:45Z,2021-01-19T06:59:01Z,26314857,13210058214,26314857,502,6928,NA,https://sra-downloadb.be-md.ncbi.nlm.nih.gov/sos9/sra-pub-zq-924/SRR013/13481/SRR13481020/SRR13481020.lite.1,SRX9893701,HongLing2,WGS,DNase,GENOMIC,PAIRED,0,0,ILLUMINA,Illumina HiSeq 2500,SRP302298,PRJNA693144,NA,693144,SRS8072936,SAMN17378252,simple,3649,Carica papaya,HongLing2,NA,NA,NA,NA,NA,NA,no,NA,NA,NA,NA,FUJIAN AGRICULTURE AND FORESTRY UNIVERSITY,SRA1185097,NA,public,A2FF72EE5FA101A2D479DE84F8D756F8,EA33184CF0B4114437C90D0AF2C4FAF4
SRR13481019,2021-01-19T07:01:41Z,2021-01-19T06:57:10Z,19772372,9925730744,19772372,502,5325,NA,https://sra-downloadb.be-md.ncbi.nlm.nih.gov/sos9/sra-pub-zq-924/SRR013/13481/SRR13481019/SRR13481019.lite.1,SRX9893702,HongLing,WGS,DNase,GENOMIC,PAIRED,0,0,ILLUMINA,Illumina HiSeq 2500,SRP302298,PRJNA693144,NA,693144,SRS8072937,SAMN17378251,simple,3649,Carica papaya,HongLing,NA,NA,NA,NA,NA,NA,no,NA,NA,NA,NA,FUJIAN AGRICULTURE AND FORESTRY UNIVERSITY,SRA1185097,NA,public,74E55B34A5BF4C78F678A7FB1A4A1B60,553A567F6AF4318D3F33EDC9ED52BCD6
SRR13481018,2021-01-19T06:59:40Z,2021-01-19T06:53:59Z,24986500,12543223000,24986500,502,6528,NA,https://sra-downloadb.be-md.ncbi.nlm.nih.gov/sos9/sra-pub-zq-922/SRR013/13481/SRR13481018/SRR13481018.lite.1,SRX9893703,HongRi1,WGS,DNase,GENOMIC,PAIRED,0,0,ILLUMINA,Illumina HiSeq 2500,SRP302298,PRJNA693144,NA,693144,SRS8072938,SAMN17378253,simple,3649,Carica papaya,HongRi1,NA,NA,NA,NA,NA,NA,no,NA,NA,NA,NA,FUJIAN AGRICULTURE AND FORESTRY UNIVERSITY,SRA1185097,NA,public,93E7AAF1CD3B0EF561D041B636236877,201BB3115BF7537F70233D0CBC3129AA
SRR13481017,2021-01-19T06:59:40Z,2021-01-19T06:46:08Z,29438377,14778065254,29438377,502,7726,NA,https://sra-downloadb.be-md.ncbi.nlm.nih.gov/sos9/sra-pub-zq-924/SRR013/13481/SRR13481017/SRR13481017.lite.1,SRX9893704,HongRi2,WGS,DNase,GENOMIC,PAIRED,0,0,ILLUMINA,Illumina HiSeq 2500,SRP302298,PRJNA693144,NA,693144,SRS8072939,SAMN17378254,simple,3649,Carica papaya,HongRi2,NA,NA,NA,NA,NA,NA,no,NA,NA,NA,NA,FUJIAN AGRICULTURE AND FORESTRY UNIVERSITY,SRA1185097,NA,public,B482E3D6B15882A1B90454F149DE8BF9,09D93AC89BD91FC6874D03670B12DA78
SRR13481016,2021-01-19T07:08:45Z,2021-01-19T06:57:25Z,32996289,16564137078,32996289,502,8659,NA,https://sra-downloadb.be-md.ncbi.nlm.nih.gov/sos9/sra-pub-zq-924/SRR013/13481/SRR13481016/SRR13481016.lite.1,SRX9893705,HongRi3,WGS,DNase,GENOMIC,PAIRED,0,0,ILLUMINA,Illumina HiSeq 2500,SRP302298,PRJNA693144,NA,693144,SRS8072940,SAMN17378255,simple,3649,Carica papaya,HongRi3,NA,NA,NA,NA,NA,NA,no,NA,NA,NA,NA,FUJIAN AGRICULTURE AND FORESTRY UNIVERSITY,SRA1185097,NA,public,9131D0E738DDB074CEBCF644E78E8B45,10B90540655E7FC664ED22CE2879011D
SRR13481022,2021-01-19T07:08:45Z,2021-01-19T07:00:39Z,25663037,12882844574,25663037,502,6824,NA,https://sra-downloadb.be-md.ncbi.nlm.nih.gov/sos9/sra-pub-zq-924/SRR013/13481/SRR13481022/SRR13481022.lite.1,SRX9893699,BPRS,WGS,DNase,GENOMIC,PAIRED,0,0,ILLUMINA,Illumina HiSeq 2500,SRP302298,PRJNA693144,NA,693144,SRS8072934,SAMN17378241,simple,3649,Carica papaya,BPRS,NA,NA,NA,NA,NA,NA,no,NA,NA,NA,NA,FUJIAN AGRICULTURE AND FORESTRY UNIVERSITY,SRA1185097,NA,public,1C3F25DAB79A4904523CAE7D2525C8FF,572B608DBAFAF81DBDD282DFD8F50898
SRR13481021,2021-01-19T06:59:40Z,2021-01-19T06:55:24Z,18528089,9301100678,18528089,502,5296,NA,https://sra-downloadb.be-md.ncbi.nlm.nih.gov/sos9/sra-pub-zq-924/SRR013/13481/SRR13481021/SRR13481021.lite.1,SRX9893700,CU2H1,WGS,DNase,GENOMIC,PAIRED,0,0,ILLUMINA,Illumina HiSeq 2500,SRP302298,PRJNA693144,NA,693144,SRS8072935,SAMN17378242,simple,3649,Carica papaya,CU2H1,NA,NA,NA,NA,NA,NA,no,NA,NA,NA,NA,FUJIAN AGRICULTURE AND FORESTRY UNIVERSITY,SRA1185097,NA,public,06639F6A373E7F30E529F5BDCF54CB19,B64527822D91C0D51F4524CD6F7B46A1
SRR14560147,2022-01-18T22:11:08Z,2021-05-16T23:52:34Z,25526766,5156406732,25526766,202,3053,NA,https://sra-downloadb.be-md.ncbi.nlm.nih.gov/sos1/sra-pub-zq-38/SRR014/14560/SRR14560147/SRR14560147.lite.1,SRX10903534,Cp171,WGS,PCR,GENOMIC SINGLE CELL,PAIRED,0,0,ILLUMINA,Illumina NovaSeq 6000,SRP319216,PRJNA727683,NA,727683,SRS8995711,SAMN19228354,simple,3649,Carica papaya,Cp171,NA,NA,NA,NA,NA,NA,no,NA,NA,NA,NA,FUJIAN AGRICULTURE AND UNIVERSITY,SRA1232859,NA,public,A5997A0581B24240FB82CBA61B618CE3,3E0D3380139E81BC2D9F01F3B97E9FD2
SRR14560149,2022-01-18T22:11:08Z,2021-05-18T16:07:00Z,20902356,10492982712,20902356,502,5647,NA,https://sra-downloadb.be-md.ncbi.nlm.nih.gov/sos1/sra-pub-zq-38/SRR014/14560/SRR14560149/SRR14560149.lite.1,SRX10903533,ZhonghuangXX,WGS,PCR,GENOMIC SINGLE CELL,PAIRED,0,0,ILLUMINA,Illumina NovaSeq 6000,SRP319216,PRJNA727683,NA,727683,SRS8995710,SAMN19228430,simple,3649,Carica papaya,ZhonghuangXX,NA,NA,NA,NA,NA,NA,no,NA,NA,NA,NA,FUJIAN AGRICULTURE AND UNIVERSITY,SRA1232859,NA,public,11FF5D6DE77F713669924D3EAFABD3F2,3034EA502FE726C17A5F4A1B6F5F76D3
SRR14560150,2022-01-18T22:11:08Z,2021-05-18T16:08:35Z,21924827,11006263154,21924827,502,5894,NA,https://sra-downloadb.be-md.ncbi.nlm.nih.gov/sos4/sra-pub-zq-1/SRR014/14560/SRR14560150/SRR14560150.lite.1,SRX10903532,ZhonghuangXY,WGS,PCR,GENOMIC SINGLE CELL,PAIRED,0,0,ILLUMINA,Illumina NovaSeq 6000,SRP319216,PRJNA727683,NA,727683,SRS8995709,SAMN19228429,simple,3649,Carica papaya,ZhonghuangXY,NA,NA,NA,NA,NA,NA,no,NA,NA,NA,NA,FUJIAN AGRICULTURE AND UNIVERSITY,SRA1232859,NA,public,0E43FC388BDEB24317A10F8BA89C9E9C,7E8509130A4CF8D77DA239922EDE1F56
SRR14560155,2022-01-18T22:11:08Z,2021-05-17T00:19:18Z,51569790,10417097580,51569790,202,6147,NA,https://sra-downloadb.be-md.ncbi.nlm.nih.gov/sos4/sra-pub-zq-1/SRR014/14560/SRR14560155/SRR14560155.lite.1,SRX10903527,Cp128,WGS,PCR,GENOMIC SINGLE CELL,PAIRED,0,0,ILLUMINA,Illumina NovaSeq 6000,SRP319216,PRJNA727683,NA,727683,SRS8995704,SAMN19228353,simple,3649,Carica papaya,Cp128,NA,NA,NA,NA,NA,NA,no,NA,NA,NA,NA,FUJIAN AGRICULTURE AND UNIVERSITY,SRA1232859,NA,public,47FD67C8D9DB44D22D6FEDA744D14E5D,79FCA063F8A5D20DCF8F5C69518A3DAE
SRR14560153,2022-01-18T22:11:08Z,2021-05-16T23:50:57Z,20152509,10116559518,20152509,502,5764,NA,https://sra-downloadb.be-md.ncbi.nlm.nih.gov/sos4/sra-pub-zq-1/SRR014/14560/SRR14560153/SRR14560153.lite.1,SRX10903529,ZhongZhi2,WGS,PCR,GENOMIC SINGLE CELL,PAIRED,0,0,ILLUMINA,Illumina NovaSeq 6000,SRP319216,PRJNA727683,NA,727683,SRS8995705,SAMN19228426,simple,3649,Carica papaya,ZhongZhi2,NA,NA,NA,NA,NA,NA,no,NA,NA,NA,NA,FUJIAN AGRICULTURE AND UNIVERSITY,SRA1232859,NA,public,209606A47D3B054E8D328B8ADBDBADCD,0A5A3E18FCD559439D6742AF97F81A2D
SRR14560154,2022-01-18T22:11:08Z,2021-05-16T23:46:48Z,18288544,9180849088,18288544,502,5263,NA,https://sra-downloadb.be-md.ncbi.nlm.nih.gov/sos1/sra-pub-zq-38/SRR014/14560/SRR14560154/SRR14560154.lite.1,SRX10903528,ZhongZhi1,WGS,PCR,GENOMIC SINGLE CELL,PAIRED,0,0,ILLUMINA,Illumina NovaSeq 6000,SRP319216,PRJNA727683,NA,727683,SRS8995706,SAMN19228425,simple,3649,Carica papaya,ZhongZhi1,NA,NA,NA,NA,NA,NA,no,NA,NA,NA,NA,FUJIAN AGRICULTURE AND UNIVERSITY,SRA1232859,NA,public,F9DCA51B7BB3A1A4BAEB6068066AA811,C1AB2E5A9B36104E093FA98AE6CD98A1
SRR14560152,2022-01-18T22:11:08Z,2021-05-16T23:55:37Z,22308210,11198721420,22308210,502,6354,NA,https://sra-downloadb.be-md.ncbi.nlm.nih.gov/sos9/sra-pub-zq-924/SRR014/14560/SRR14560152/SRR14560152.lite.1,SRX10903530,ZhongbaiXYh,WGS,PCR,GENOMIC SINGLE CELL,PAIRED,0,0,ILLUMINA,Illumina NovaSeq 6000,SRP319216,PRJNA727683,NA,727683,SRS8995707,SAMN19228427,simple,3649,Carica papaya,ZhongbaiXYh,NA,NA,NA,NA,NA,NA,no,NA,NA,NA,NA,FUJIAN AGRICULTURE AND UNIVERSITY,SRA1232859,NA,public,92257F8FC5354C5B0F79A54259F75C2B,F2CFB7748E380129CB1135720F68B5A2
SRR14560151,2022-01-18T22:11:08Z,2021-05-16T23:49:16Z,17281602,8675364204,17281602,502,4918,NA,https://sra-downloadb.be-md.ncbi.nlm.nih.gov/sos1/sra-pub-zq-38/SRR014/14560/SRR14560151/SRR14560151.lite.1,SRX10903531,ZhongbaiXX,WGS,PCR,GENOMIC SINGLE CELL,PAIRED,0,0,ILLUMINA,Illumina NovaSeq 6000,SRP319216,PRJNA727683,NA,727683,SRS8995708,SAMN19228428,simple,3649,Carica papaya,ZhongbaiXX,NA,NA,NA,NA,NA,NA,no,NA,NA,NA,NA,FUJIAN AGRICULTURE AND UNIVERSITY,SRA1232859,NA,public,5342DFA2BDBCC0FEC0B85A8B7C0F5864,FEF747B5B152435B56B9780630B7F169
SRR14560165,2022-01-18T22:11:08Z,2021-05-16T23:46:57Z,16469011,8267443522,16469011,502,4712,NA,https://sra-downloadb.be-md.ncbi.nlm.nih.gov/sos9/sra-pub-zq-922/SRR014/14560/SRR14560165/SRR14560165.lite.1,SRX10903517,SunsetXX,WGS,PCR,GENOMIC SINGLE CELL,PAIRED,0,0,ILLUMINA,Illumina NovaSeq 6000,SRP319216,PRJNA727683,NA,727683,SRS8995694,SAMN19228415,simple,3649,Carica papaya,SunsetXX,NA,NA,NA,NA,NA,NA,no,NA,NA,NA,NA,FUJIAN AGRICULTURE AND UNIVERSITY,SRA1232859,NA,public,1FD17FF35F3806445D55384478CABC1E,C196CFB87CF2D20D456F8997E4F70B68
SRR14560164,2022-01-18T22:11:08Z,2021-05-16T23:44:05Z,16517289,8291679078,16517289,502,4776,NA,https://sra-downloadb.be-md.ncbi.nlm.nih.gov/sos4/sra-pub-zq-1/SRR014/14560/SRR14560164/SRR14560164.lite.1,SRX10903518,SunupXX,WGS,PCR,GENOMIC SINGLE CELL,PAIRED,0,0,ILLUMINA,Illumina NovaSeq 6000,SRP319216,PRJNA727683,NA,727683,SRS8995695,SAMN19228416,simple,3649,Carica papaya,SunupXX,NA,NA,NA,NA,NA,NA,no,NA,NA,NA,NA,FUJIAN AGRICULTURE AND UNIVERSITY,SRA1232859,NA,public,DD36431B0E77D1EE90420E278F127BE6,B2A3FFB9D3A0E0C3356E510643E639D2
SRR14560163,2022-01-18T22:11:08Z,2021-05-18T16:27:00Z,22249264,11169130528,22249264,502,5955,NA,https://sra-downloadb.be-md.ncbi.nlm.nih.gov/sos4/sra-pub-zq-1/SRR014/14560/SRR14560163/SRR14560163.lite.1,SRX10903519,THA1,WGS,PCR,GENOMIC SINGLE CELL,PAIRED,0,0,ILLUMINA,Illumina NovaSeq 6000,SRP319216,PRJNA727683,NA,727683,SRS8995696,SAMN19228417,simple,3649,Carica papaya,THA1,NA,NA,NA,NA,NA,NA,no,NA,NA,NA,NA,FUJIAN AGRICULTURE AND UNIVERSITY,SRA1232859,NA,public,4765ADFD7F53B09C43F127337EF8ACD2,739532C9028C4EF22AE24637FF28DF9E
SRR14560162,2022-01-18T22:11:08Z,2021-05-18T16:13:53Z,23373280,11733386560,23373280,502,6173,NA,https://sra-downloadb.be-md.ncbi.nlm.nih.gov/sos9/sra-pub-zq-924/SRR014/14560/SRR14560162/SRR14560162.lite.1,SRX10903520,THP,WGS,PCR,GENOMIC SINGLE CELL,PAIRED,0,0,ILLUMINA,Illumina NovaSeq 6000,SRP319216,PRJNA727683,NA,727683,SRS8995697,SAMN19228418,simple,3649,Carica papaya,THP,NA,NA,NA,NA,NA,NA,no,NA,NA,NA,NA,FUJIAN AGRICULTURE AND UNIVERSITY,SRA1232859,NA,public,1DC999A895F85A2AA824CAD5FA465AAA,7CF2C7D7E7F9532979803013F04528CB
SRR14560161,2022-01-18T22:11:08Z,2021-05-16T23:56:59Z,9532846,4785488692,9532846,502,2450,NA,https://sra-downloadb.be-md.ncbi.nlm.nih.gov/sos4/sra-pub-zq-1/SRR014/14560/SRR14560161/SRR14560161.lite.1,SRX10903521,TaiNong2,WGS,PCR,GENOMIC SINGLE CELL,PAIRED,0,0,ILLUMINA,Illumina NovaSeq 6000,SRP319216,PRJNA727683,NA,727683,SRS8995698,SAMN19228419,simple,3649,Carica papaya,TaiNong2,NA,NA,NA,NA,NA,NA,no,NA,NA,NA,NA,FUJIAN AGRICULTURE AND UNIVERSITY,SRA1232859,NA,public,EF305D7917B3B0ED14CCC35E94873338,FC1D658428C43FEEFA63A6E27D86F4F1
SRR14560166,2022-01-18T22:11:08Z,2021-05-17T00:25:47Z,41564101,8395948402,41564101,202,4951,NA,https://sra-downloadb.be-md.ncbi.nlm.nih.gov/sos4/sra-pub-zq-1/SRR014/14560/SRR14560166/SRR14560166.lite.1,SRX10903516,Cp125,WGS,PCR,GENOMIC SINGLE CELL,PAIRED,0,0,ILLUMINA,Illumina NovaSeq 6000,SRP319216,PRJNA727683,NA,727683,SRS8995693,SAMN19228352,simple,3649,Carica papaya,Cp125,NA,NA,NA,NA,NA,NA,no,NA,NA,NA,NA,FUJIAN AGRICULTURE AND UNIVERSITY,SRA1232859,NA,public,C17B0E350AF8D803CAB6EA86DD3E8CA0,9B096A3EDB5956EA6FC6B74B1AC41BB7
SRR14560170,2022-01-18T22:11:08Z,2021-05-16T23:39:20Z,9658578,4848606156,9658578,502,2476,NA,https://sra-downloadb.be-md.ncbi.nlm.nih.gov/sos4/sra-pub-zq-1/SRR014/14560/SRR14560170/SRR14560170.lite.1,SRX10903512,RedRoyaleXX,WGS,PCR,GENOMIC SINGLE CELL,PAIRED,0,0,ILLUMINA,Illumina NovaSeq 6000,SRP319216,PRJNA727683,NA,727683,SRS8995689,SAMN19228411,simple,3649,Carica papaya,RedRoyaleXX,NA,NA,NA,NA,NA,NA,no,NA,NA,NA,NA,FUJIAN AGRICULTURE AND UNIVERSITY,SRA1232859,NA,public,87B227A2871E5ADF78468DFB726C7717,44863B72F49D5650C66187D25FC6A429
SRR14560169,2022-01-18T22:11:08Z,2021-05-16T23:36:15Z,3979605,1997761710,3979605,502,964,NA,https://sra-downloadb.be-md.ncbi.nlm.nih.gov/sos4/sra-pub-zq-1/SRR014/14560/SRR14560169/SRR14560169.lite.1,SRX10903513,St,WGS,PCR,GENOMIC SINGLE CELL,PAIRED,0,0,ILLUMINA,Illumina NovaSeq 6000,SRP319216,PRJNA727683,NA,727683,SRS8995690,SAMN19228412,simple,3649,Carica papaya,St,NA,NA,NA,NA,NA,NA,no,NA,NA,NA,NA,FUJIAN AGRICULTURE AND UNIVERSITY,SRA1232859,NA,public,0144A7FF934916EFC3991DAA08A49392,BA96BCA54A2380F6F78A53BF7E0F1DEA
SRR14560168,2022-01-18T22:11:08Z,2021-05-18T16:59:32Z,29037235,14576691970,29037235,502,7582,NA,https://sra-downloadb.be-md.ncbi.nlm.nih.gov/sos4/sra-pub-zq-1/SRR014/14560/SRR14560168/SRR14560168.lite.1,SRX10903514,SuiZhongHong48,WGS,PCR,GENOMIC SINGLE CELL,PAIRED,0,0,ILLUMINA,Illumina NovaSeq 6000,SRP319216,PRJNA727683,NA,727683,SRS8995691,SAMN19228413,simple,3649,Carica papaya,SuiZhongHong48,NA,NA,NA,NA,NA,NA,no,NA,NA,NA,NA,FUJIAN AGRICULTURE AND UNIVERSITY,SRA1232859,NA,public,578F5AF0C69DD3F0B3AB97A733C0D754,F75B70897C82A567572B52F7C6EDBCFC
SRR14560167,2022-01-18T22:11:08Z,2021-05-16T23:48:17Z,18528089,9301100678,18528089,502,5296,NA,https://sra-downloadb.be-md.ncbi.nlm.nih.gov/sos4/sra-pub-zq-1/SRR014/14560/SRR14560167/SRR14560167.lite.1,SRX10903515,SunriseCU2H1XX,WGS,PCR,GENOMIC SINGLE CELL,PAIRED,0,0,ILLUMINA,Illumina NovaSeq 6000,SRP319216,PRJNA727683,NA,727683,SRS8995692,SAMN19228414,simple,3649,Carica papaya,SunriseCU2H1XX,NA,NA,NA,NA,NA,NA,no,NA,NA,NA,NA,FUJIAN AGRICULTURE AND UNIVERSITY,SRA1232859,NA,public,06639F6A373E7F30E529F5BDCF54CB19,B64527822D91C0D51F4524CD6F7B46A1
SRR14560174,2022-01-18T22:11:08Z,2021-05-18T14:24:59Z,22331101,11210212702,22331101,502,5995,NA,https://sra-downloadb.be-md.ncbi.nlm.nih.gov/sos9/sra-pub-zq-924/SRR014/14560/SRR14560174/SRR14560174.lite.1,SRX10903508,QingPiRiSheng,WGS,PCR,GENOMIC SINGLE CELL,PAIRED,0,0,ILLUMINA,Illumina NovaSeq 6000,SRP319216,PRJNA727683,NA,727683,SRS8995684,SAMN19228407,simple,3649,Carica papaya,QingPiRiSheng,NA,NA,NA,NA,NA,NA,no,NA,NA,NA,NA,FUJIAN AGRICULTURE AND UNIVERSITY,SRA1232859,NA,public,5A5A12551F6ED37BD272CB7BDDB96309,76D70FC641BE7CBC31141837162E3821
SRR14560173,2022-01-18T22:11:08Z,2021-05-16T23:35:28Z,4675314,2177503814,4000000,465,1034,NA,https://sra-downloadb.be-md.ncbi.nlm.nih.gov/sos4/sra-pub-zq-1/SRR014/14560/SRR14560173/SRR14560173.lite.1,SRX10903509,RMHR-1-6-7,WGS,PCR,GENOMIC SINGLE CELL,PAIRED,0,0,ILLUMINA,Illumina NovaSeq 6000,SRP319216,PRJNA727683,NA,727683,SRS8995686,SAMN19228408,simple,3649,Carica papaya,RMHR-1-6-7,NA,NA,NA,NA,NA,NA,no,NA,NA,NA,NA,FUJIAN AGRICULTURE AND UNIVERSITY,SRA1232859,NA,public,D34A16825E80E63D8657F5C588666932,39D8EFAAD2E09C5730DFDE1E90DDBF09
SRR14560172,2022-01-18T22:11:08Z,2021-05-18T15:22:41Z,20126258,10103381516,20126258,502,5450,NA,https://sra-downloadb.be-md.ncbi.nlm.nih.gov/sos1/sra-pub-zq-38/SRR014/14560/SRR14560172/SRR14560172.lite.1,SRX10903510,Rd3,WGS,PCR,GENOMIC SINGLE CELL,PAIRED,0,0,ILLUMINA,Illumina NovaSeq 6000,SRP319216,PRJNA727683,NA,727683,SRS8995687,SAMN19228409,simple,3649,Carica papaya,Rd3,NA,NA,NA,NA,NA,NA,no,NA,NA,NA,NA,FUJIAN AGRICULTURE AND UNIVERSITY,SRA1232859,NA,public,033E79F842DABF0AE0EBD2EF4BA50BC6,F8C8713DA544C24386569CBE14CD942E
SRR14560171,2022-01-18T22:11:08Z,2021-05-16T23:57:49Z,21268535,10676804570,21268535,502,6089,NA,https://sra-downloadb.be-md.ncbi.nlm.nih.gov/sos4/sra-pub-zq-1/SRR014/14560/SRR14560171/SRR14560171.lite.1,SRX10903511,RedRoyale,WGS,PCR,GENOMIC SINGLE CELL,PAIRED,0,0,ILLUMINA,Illumina NovaSeq 6000,SRP319216,PRJNA727683,NA,727683,SRS8995688,SAMN19228410,simple,3649,Carica papaya,RedRoyale,NA,NA,NA,NA,NA,NA,no,NA,NA,NA,NA,FUJIAN AGRICULTURE AND UNIVERSITY,SRA1232859,NA,public,B971FE940616E5B73523D7CB2C3D686C,A139FC559D86ADB1870354A9C1B13EE1
SRR14560177,2022-01-18T22:11:08Z,2021-05-17T00:17:47Z,45642555,9219796110,45642555,202,5779,NA,https://sra-downloadb.be-md.ncbi.nlm.nih.gov/sos9/sra-pub-zq-924/SRR014/14560/SRR14560177/SRR14560177.lite.1,SRX10903505,Cp11,WGS,PCR,GENOMIC SINGLE CELL,PAIRED,0,0,ILLUMINA,Illumina NovaSeq 6000,SRP319216,PRJNA727683,NA,727683,SRS8995682,SAMN19228351,simple,3649,Carica papaya,Cp11,NA,NA,NA,NA,NA,NA,no,NA,NA,NA,NA,FUJIAN AGRICULTURE AND UNIVERSITY,SRA1232859,NA,public,591F194580C442B0B404041FE9D0D65C,FD178912126787576B0301AF664F89EA
SRR14560180,2022-01-18T22:11:08Z,2021-05-16T23:35:48Z,4180103,2098411706,4180103,502,1009,NA,https://sra-downloadb.be-md.ncbi.nlm.nih.gov/sos1/sra-pub-zq-38/SRR014/14560/SRR14560180/SRR14560180.lite.1,SRX10903502,L1,WGS,PCR,GENOMIC SINGLE CELL,PAIRED,0,0,ILLUMINA,Illumina NovaSeq 6000,SRP319216,PRJNA727683,NA,727683,SRS8995679,SAMN19228402,simple,3649,Carica papaya,L1,NA,NA,NA,NA,NA,NA,no,NA,NA,NA,NA,FUJIAN AGRICULTURE AND UNIVERSITY,SRA1232859,NA,public,E89AF73F1144152146A7FECFECF46B97,A99A9C0FA674A9819A4D1EF99C637DAB
SRR14560179,2022-01-18T22:11:08Z,2021-05-16T23:36:51Z,4789439,2404298378,4789439,502,1151,NA,https://sra-downloadb.be-md.ncbi.nlm.nih.gov/sos4/sra-pub-zq-1/SRR014/14560/SRR14560179/SRR14560179.lite.1,SRX10903503,LM13,WGS,PCR,GENOMIC SINGLE CELL,PAIRED,0,0,ILLUMINA,Illumina NovaSeq 6000,SRP319216,PRJNA727683,NA,727683,SRS8995680,SAMN19228403,simple,3649,Carica papaya,LM13,NA,NA,NA,NA,NA,NA,no,NA,NA,NA,NA,FUJIAN AGRICULTURE AND UNIVERSITY,SRA1232859,NA,public,49137F89FF51A85F58258E88BF49ED7F,8FAAC56B87EF9B428E0048E56E649BAD
SRR14560178,2022-01-18T22:11:08Z,2021-05-18T15:16:59Z,20939769,10511764038,20939769,502,5626,NA,https://sra-downloadb.be-md.ncbi.nlm.nih.gov/sos1/sra-pub-zq-38/SRR014/14560/SRR14560178/SRR14560178.lite.1,SRX10903504,MHI-12,WGS,PCR,GENOMIC SINGLE CELL,PAIRED,0,0,ILLUMINA,Illumina NovaSeq 6000,SRP319216,PRJNA727683,NA,727683,SRS8995681,SAMN19228404,simple,3649,Carica papaya,MHI-12,NA,NA,NA,NA,NA,NA,no,NA,NA,NA,NA,FUJIAN AGRICULTURE AND UNIVERSITY,SRA1232859,NA,public,211B8031CAB980290B2C66E0E3D00E12,A5182160400E31EA59048DDA0B608385
SRR14560176,2022-01-18T22:11:08Z,2021-05-16T23:39:42Z,8661305,4347975110,8661305,502,2232,NA,https://sra-downloadb.be-md.ncbi.nlm.nih.gov/sos4/sra-pub-zq-1/SRR014/14560/SRR14560176/SRR14560176.lite.1,SRX10903506,MeiZhongHong,WGS,PCR,GENOMIC SINGLE CELL,PAIRED,0,0,ILLUMINA,Illumina NovaSeq 6000,SRP319216,PRJNA727683,NA,727683,SRS8995683,SAMN19228405,simple,3649,Carica papaya,MeiZhongHong,NA,NA,NA,NA,NA,NA,no,NA,NA,NA,NA,FUJIAN AGRICULTURE AND UNIVERSITY,SRA1232859,NA,public,476135D1C4DF9A579B0EEA812F6C166E,5802C584A7F66733FC64B7B15B16CED4
SRR14560183,2022-01-18T22:11:08Z,2021-05-16T23:46:41Z,16253995,8159505490,16253995,502,4721,NA,https://sra-downloadb.be-md.ncbi.nlm.nih.gov/sos1/sra-pub-zq-38/SRR014/14560/SRR14560183/SRR14560183.lite.1,SRX10903499,KamiyaCX10H2XX,WGS,PCR,GENOMIC SINGLE CELL,PAIRED,0,0,ILLUMINA,Illumina NovaSeq 6000,SRP319216,PRJNA727683,NA,727683,SRS8995676,SAMN19228399,simple,3649,Carica papaya,KamiyaCX10H2XX,NA,NA,NA,NA,NA,NA,no,NA,NA,NA,NA,FUJIAN AGRICULTURE AND UNIVERSITY,SRA1232859,NA,public,3BC3B661507F16FE0257252923AD42D2,BA84147147462A51B6F067E6119E01FC
SRR14560182,2022-01-18T22:11:08Z,2021-05-17T00:13:38Z,18935901,9505822302,18935901,502,5443,NA,https://sra-downloadb.be-md.ncbi.nlm.nih.gov/sos4/sra-pub-zq-1/SRR014/14560/SRR14560182/SRR14560182.lite.1,SRX10903500,KapohoCW10H2XX,WGS,PCR,GENOMIC SINGLE CELL,PAIRED,0,0,ILLUMINA,Illumina NovaSeq 6000,SRP319216,PRJNA727683,NA,727683,SRS8995677,SAMN19228400,simple,3649,Carica papaya,KapohoCW10H2XX,NA,NA,NA,NA,NA,NA,no,NA,NA,NA,NA,FUJIAN AGRICULTURE AND UNIVERSITY,SRA1232859,NA,public,895635F31433B602D7E106841941CB33,8CA841955FFD15198A79117C8FE298E6
SRR14560181,2022-01-18T22:11:08Z,2021-05-16T23:51:51Z,25845745,12974563990,25845745,502,6795,NA,https://sra-downloadb.be-md.ncbi.nlm.nih.gov/sos1/sra-pub-zq-38/SRR014/14560/SRR14560181/SRR14560181.lite.1,SRX10903501,KhanKaen,WGS,PCR,GENOMIC SINGLE CELL,PAIRED,0,0,ILLUMINA,Illumina NovaSeq 6000,SRP319216,PRJNA727683,NA,727683,SRS8995678,SAMN19228401,simple,3649,Carica papaya,KhanKaen,NA,NA,NA,NA,NA,NA,no,NA,NA,NA,NA,FUJIAN AGRICULTURE AND UNIVERSITY,SRA1232859,NA,public,74A94E97CCA182B540E7206FBA6BDA77,0A3FB8DC95A6FD5536F2F38A988959C9
SRR14560188,2022-01-18T22:11:08Z,2021-05-17T00:17:31Z,52530869,10611235538,52530869,202,6708,NA,https://sra-downloadb.be-md.ncbi.nlm.nih.gov/sos9/sra-pub-zq-924/SRR014/14560/SRR14560188/SRR14560188.lite.1,SRX10903494,Cp112,WGS,PCR,GENOMIC SINGLE CELL,PAIRED,0,0,ILLUMINA,Illumina NovaSeq 6000,SRP319216,PRJNA727683,NA,727683,SRS8995671,SAMN19228350,simple,3649,Carica papaya,Cp112,NA,NA,NA,NA,NA,NA,no,NA,NA,NA,NA,FUJIAN AGRICULTURE AND UNIVERSITY,SRA1232859,NA,public,BFD10F183C6FDDCC7E246EA36F39AE04,8B494A28A60CA0C7DF31312204135557
SRR14560199,2022-01-18T22:11:08Z,2021-05-17T00:14:33Z,30596007,6180393414,30596007,202,3686,NA,https://sra-downloadb.be-md.ncbi.nlm.nih.gov/sos4/sra-pub-zq-1/SRR014/14560/SRR14560199/SRR14560199.lite.1,SRX10903483,CR6-16XX,WGS,PCR,GENOMIC SINGLE CELL,PAIRED,0,0,ILLUMINA,Illumina NovaSeq 6000,SRP319216,PRJNA727683,NA,727683,SRS8995660,SAMN19228349,simple,3649,Carica papaya,CR6-16XX,NA,NA,NA,NA,NA,NA,no,NA,NA,NA,NA,FUJIAN AGRICULTURE AND UNIVERSITY,SRA1232859,NA,public,611771C15D3859E1894C8A368BB38300,45F8B1044CAB5D6D8F6083D15F4C353B
SRR14560205,2022-01-18T22:11:08Z,2021-05-16T23:42:00Z,9910614,4975128228,9910614,502,2546,NA,https://sra-downloadb.be-md.ncbi.nlm.nih.gov/sos4/sra-pub-zq-1/SRR014/14560/SRR14560205/SRR14560205.lite.1,SRX10903477,7o,WGS,PCR,GENOMIC SINGLE CELL,PAIRED,0,0,ILLUMINA,Illumina NovaSeq 6000,SRP319216,PRJNA727683,NA,727683,SRS8995654,SAMN19228345,simple,3649,Carica papaya,7o,NA,NA,NA,NA,NA,NA,no,NA,NA,NA,NA,FUJIAN AGRICULTURE AND UNIVERSITY,SRA1232859,NA,public,C45232B88ED71E93EA0DBCA28E33C8B7,38AAD1A5EE6A3A77B99D558647A13DA0
SRR14560204,2022-01-18T22:11:08Z,2021-05-16T23:47:46Z,17859040,8965238080,17859040,502,5136,NA,https://sra-downloadb.be-md.ncbi.nlm.nih.gov/sos9/sra-pub-zq-924/SRR014/14560/SRR14560204/SRR14560204.lite.1,SRX10903478,AU9xx,WGS,PCR,GENOMIC SINGLE CELL,PAIRED,0,0,ILLUMINA,Illumina NovaSeq 6000,SRP319216,PRJNA727683,NA,727683,SRS8995655,SAMN19228346,simple,3649,Carica papaya,AU9xx,NA,NA,NA,NA,NA,NA,no,NA,NA,NA,NA,FUJIAN AGRICULTURE AND UNIVERSITY,SRA1232859,NA,public,39ADF1767C4216542AAB3268918CDD03,C6D6DE2DEBC44222826CF7B6E62EF497
SRR14560203,2022-01-18T22:11:08Z,2021-05-17T00:03:55Z,22674546,4580258292,22674546,202,2735,NA,https://sra-downloadb.be-md.ncbi.nlm.nih.gov/sos4/sra-pub-zq-1/SRR014/14560/SRR14560203/SRR14560203.lite.1,SRX10903479,Cp172,WGS,PCR,GENOMIC SINGLE CELL,PAIRED,0,0,ILLUMINA,Illumina NovaSeq 6000,SRP319216,PRJNA727683,NA,727683,SRS8995656,SAMN19228355,simple,3649,Carica papaya,Cp172,NA,NA,NA,NA,NA,NA,no,NA,NA,NA,NA,FUJIAN AGRICULTURE AND UNIVERSITY,SRA1232859,NA,public,E135636BB6B8113A33AF4720564B482C,611832A4F241E65300F961781F3B249B
SRR14560148,2022-01-18T22:11:08Z,2021-05-17T00:10:01Z,31997441,6463483082,31997441,202,3836,NA,https://sra-downloadb.be-md.ncbi.nlm.nih.gov/sos4/sra-pub-zq-1/SRR014/14560/SRR14560148/SRR14560148.lite.1,SRX10903480,Cp173,WGS,PCR,GENOMIC SINGLE CELL,PAIRED,0,0,ILLUMINA,Illumina NovaSeq 6000,SRP319216,PRJNA727683,NA,727683,SRS8995657,SAMN19228356,simple,3649,Carica papaya,Cp173,NA,NA,NA,NA,NA,NA,no,NA,NA,NA,NA,FUJIAN AGRICULTURE AND UNIVERSITY,SRA1232859,NA,public,4B3C1351A598F6D088E922823F1B723E,51ACFDD146ED00EA1DC2D1A0C7D1C7F7
SRR14560213,2022-01-18T22:11:08Z,2021-05-17T02:39:37Z,37729972,7621454344,37729972,202,4670,NA,https://sra-downloadb.be-md.ncbi.nlm.nih.gov/sos1/sra-pub-zq-38/SRR014/14560/SRR14560213/SRR14560213.lite.1,SRX10903468,CR6-16XYh,WGS,PCR,GENOMIC SINGLE CELL,PAIRED,0,0,ILLUMINA,Illumina NovaSeq 6000,SRP319216,PRJNA727683,NA,727683,SRS8995645,SAMN19228348,simple,3649,Carica papaya,CR6-16XYh,NA,NA,NA,NA,NA,NA,no,NA,NA,NA,NA,FUJIAN AGRICULTURE AND UNIVERSITY,SRA1232859,NA,public,3F0E7B0BF963233A6CA02CF436E7340C,3F266D6E56F1587FA54EAE6E13AF0E0B
SRR14560214,2022-01-18T22:11:08Z,2021-05-18T17:23:30Z,24372353,12234921206,24372353,502,6495,NA,https://sra-downloadb.be-md.ncbi.nlm.nih.gov/sos4/sra-pub-zq-1/SRR014/14560/SRR14560214/SRR14560214.lite.1,SRX10903467,GuangHuang1,WGS,PCR,GENOMIC SINGLE CELL,PAIRED,0,0,ILLUMINA,Illumina NovaSeq 6000,SRP319216,PRJNA727683,NA,727683,SRS8995644,SAMN19228374,simple,3649,Carica papaya,GuangHuang1,NA,NA,NA,NA,NA,NA,no,NA,NA,NA,NA,FUJIAN AGRICULTURE AND UNIVERSITY,SRA1232859,NA,public,52FD425A58D5FB2132969000259CC2A2,0E2B909B566A59D80DB36F6D799B1FA8
SRR14560219,2022-01-18T22:11:08Z,2021-05-17T00:27:27Z,40331523,8146967646,40331523,202,5198,NA,https://sra-downloadb.be-md.ncbi.nlm.nih.gov/sos9/sra-pub-zq-924/SRR014/14560/SRR14560219/SRR14560219.lite.1,SRX10903462,Cp57,WGS,PCR,GENOMIC SINGLE CELL,PAIRED,0,0,ILLUMINA,Illumina NovaSeq 6000,SRP319216,PRJNA727683,NA,727683,SRS8995639,SAMN19228369,simple,3649,Carica papaya,Cp57,NA,NA,NA,NA,NA,NA,no,NA,NA,NA,NA,FUJIAN AGRICULTURE AND UNIVERSITY,SRA1232859,NA,public,723A29C6556DDE854EADF69494751F3D,A36EE9C9C9EAA250A7EFBB4316BEAC47
SRR14560218,2022-01-18T22:11:08Z,2021-05-17T00:39:34Z,39844156,8048519512,39844156,202,5081,NA,https://sra-downloadb.be-md.ncbi.nlm.nih.gov/sos4/sra-pub-zq-1/SRR014/14560/SRR14560218/SRR14560218.lite.1,SRX10903463,Cp66,WGS,PCR,GENOMIC SINGLE CELL,PAIRED,0,0,ILLUMINA,Illumina NovaSeq 6000,SRP319216,PRJNA727683,NA,727683,SRS8995640,SAMN19228370,simple,3649,Carica papaya,Cp66,NA,NA,NA,NA,NA,NA,no,NA,NA,NA,NA,FUJIAN AGRICULTURE AND UNIVERSITY,SRA1232859,NA,public,0F54BC2B4309FC679F274D21EED12C91,907977E5EEBA850EB458C6E9F91D5258
SRR14560217,2022-01-18T22:11:08Z,2021-05-16T23:48:54Z,17887058,8979303116,17887058,502,5080,NA,https://sra-downloadb.be-md.ncbi.nlm.nih.gov/sos4/sra-pub-zq-1/SRR014/14560/SRR14560217/SRR14560217.lite.1,SRX10903464,Cp82,WGS,PCR,GENOMIC SINGLE CELL,PAIRED,0,0,ILLUMINA,Illumina NovaSeq 6000,SRP319216,PRJNA727683,NA,727683,SRS8995641,SAMN19228371,simple,3649,Carica papaya,Cp82,NA,NA,NA,NA,NA,NA,no,NA,NA,NA,NA,FUJIAN AGRICULTURE AND UNIVERSITY,SRA1232859,NA,public,233E744FEF54E5A525947E093E45F303,EF9F9B0984BCE70A81CC04841B6D2947
SRR14560216,2022-01-18T22:11:08Z,2021-05-16T23:49:14Z,20431760,10256743520,20431760,502,5844,NA,https://sra-downloadb.be-md.ncbi.nlm.nih.gov/sos4/sra-pub-zq-1/SRR014/14560/SRR14560216/SRR14560216.lite.1,SRX10903465,Cp96,WGS,PCR,GENOMIC SINGLE CELL,PAIRED,0,0,ILLUMINA,Illumina NovaSeq 6000,SRP319216,PRJNA727683,NA,727683,SRS8995642,SAMN19228372,simple,3649,Carica papaya,Cp96,NA,NA,NA,NA,NA,NA,no,NA,NA,NA,NA,FUJIAN AGRICULTURE AND UNIVERSITY,SRA1232859,NA,public,A25A5C3B26FD60F6C697794E96C4B23D,74F819F6984433320F3F05878E4E0674
SRR14560224,2022-01-18T22:11:08Z,2021-05-18T17:11:06Z,25663037,12882844574,25663037,502,6824,NA,https://sra-downloadb.be-md.ncbi.nlm.nih.gov/sos4/sra-pub-zq-1/SRR014/14560/SRR14560224/SRR14560224.lite.1,SRX10903457,BaiPiRiSheng,WGS,PCR,GENOMIC SINGLE CELL,PAIRED,0,0,ILLUMINA,Illumina NovaSeq 6000,SRP319216,PRJNA727683,NA,727683,SRS8995634,SAMN19228347,simple,3649,Carica papaya,BaiPiRiSheng,NA,NA,NA,NA,NA,NA,no,NA,NA,NA,NA,FUJIAN AGRICULTURE AND UNIVERSITY,SRA1232859,NA,public,1C3F25DAB79A4904523CAE7D2525C8FF,572B608DBAFAF81DBDD282DFD8F50898
SRR14560223,2022-01-18T22:11:08Z,2021-05-16T23:58:09Z,16498230,3332642460,16498230,202,1964,NA,https://sra-downloadb.be-md.ncbi.nlm.nih.gov/sos4/sra-pub-zq-1/SRR014/14560/SRR14560223/SRR14560223.lite.1,SRX10903458,Cp245,WGS,PCR,GENOMIC SINGLE CELL,PAIRED,0,0,ILLUMINA,Illumina NovaSeq 6000,SRP319216,PRJNA727683,NA,727683,SRS8995635,SAMN19228365,simple,3649,Carica papaya,Cp245,NA,NA,NA,NA,NA,NA,no,NA,NA,NA,NA,FUJIAN AGRICULTURE AND UNIVERSITY,SRA1232859,NA,public,1801A48D5A1947EDA517FA1C8CBB6697,726E6F209358540EBAED7B7554E78E4E
SRR14560222,2022-01-18T22:11:08Z,2021-05-17T00:27:11Z,29190589,5896498978,29190589,202,3877,NA,https://sra-downloadb.be-md.ncbi.nlm.nih.gov/sos4/sra-pub-zq-1/SRR014/14560/SRR14560222/SRR14560222.lite.1,SRX10903459,Cp44,WGS,PCR,GENOMIC SINGLE CELL,PAIRED,0,0,ILLUMINA,Illumina NovaSeq 6000,SRP319216,PRJNA727683,NA,727683,SRS8995636,SAMN19228366,simple,3649,Carica papaya,Cp44,NA,NA,NA,NA,NA,NA,no,NA,NA,NA,NA,FUJIAN AGRICULTURE AND UNIVERSITY,SRA1232859,NA,public,BC9A4784CCB26A93C7DAFAB1A694890A,F81C48B46A830E399F80E82B8C5077BB
SRR14560221,2022-01-18T22:11:08Z,2021-05-17T00:17:37Z,25835569,5218784938,25835569,202,3431,NA,https://sra-downloadb.be-md.ncbi.nlm.nih.gov/sos1/sra-pub-zq-38/SRR014/14560/SRR14560221/SRR14560221.lite.1,SRX10903460,Cp50,WGS,PCR,GENOMIC SINGLE CELL,PAIRED,0,0,ILLUMINA,Illumina NovaSeq 6000,SRP319216,PRJNA727683,NA,727683,SRS8995637,SAMN19228367,simple,3649,Carica papaya,Cp50,NA,NA,NA,NA,NA,NA,no,NA,NA,NA,NA,FUJIAN AGRICULTURE AND UNIVERSITY,SRA1232859,NA,public,085F7F57770B5E78C1F3E1960360B94C,5513BEC5DA91133722D33FCD77DF2E5E
SRR14560220,2022-01-18T22:11:08Z,2021-05-17T00:09:53Z,17529174,3540893148,17529174,202,2304,NA,https://sra-downloadb.be-md.ncbi.nlm.nih.gov/sos9/sra-pub-zq-924/SRR014/14560/SRR14560220/SRR14560220.lite.1,SRX10903461,Cp54,WGS,PCR,GENOMIC SINGLE CELL,PAIRED,0,0,ILLUMINA,Illumina NovaSeq 6000,SRP319216,PRJNA727683,NA,727683,SRS8995638,SAMN19228368,simple,3649,Carica papaya,Cp54,NA,NA,NA,NA,NA,NA,no,NA,NA,NA,NA,FUJIAN AGRICULTURE AND UNIVERSITY,SRA1232859,NA,public,B7C21CF049893024CDDC657122B43D55,E21B3B284A2306A54622A0E8A0B56F59
SRR14560229,2022-01-18T22:11:07Z,2021-05-17T00:51:01Z,46041481,9300379162,46041481,202,5496,NA,https://sra-downloadb.be-md.ncbi.nlm.nih.gov/sos4/sra-pub-zq-1/SRR014/14560/SRR14560229/SRR14560229.lite.1,SRX10903452,Cp204,WGS,PCR,GENOMIC SINGLE CELL,PAIRED,0,0,ILLUMINA,Illumina NovaSeq 6000,SRP319216,PRJNA727683,NA,727683,SRS8995629,SAMN19228360,simple,3649,Carica papaya,Cp204,NA,NA,NA,NA,NA,NA,no,NA,NA,NA,NA,FUJIAN AGRICULTURE AND UNIVERSITY,SRA1232859,NA,public,C5F100DC67EA992FA5731734B986C529,59835A42B7EA448B9868EEB14080FFFB
SRR14560228,2022-01-18T22:11:08Z,2021-05-17T00:03:07Z,30527403,6166535406,30527403,202,3658,NA,https://sra-downloadb.be-md.ncbi.nlm.nih.gov/sos4/sra-pub-zq-1/SRR014/14560/SRR14560228/SRR14560228.lite.1,SRX10903453,Cp221,WGS,PCR,GENOMIC SINGLE CELL,PAIRED,0,0,ILLUMINA,Illumina NovaSeq 6000,SRP319216,PRJNA727683,NA,727683,SRS8995630,SAMN19228361,simple,3649,Carica papaya,Cp221,NA,NA,NA,NA,NA,NA,no,NA,NA,NA,NA,FUJIAN AGRICULTURE AND UNIVERSITY,SRA1232859,NA,public,B679A00D399A3F5457C7E3D007A62339,03AABF6BAE877A108202D536684BBF31
SRR14560227,2022-01-18T22:11:08Z,2021-05-17T00:25:34Z,20800737,4201748874,20800737,202,2551,NA,https://sra-downloadb.be-md.ncbi.nlm.nih.gov/sos1/sra-pub-zq-38/SRR014/14560/SRR14560227/SRR14560227.lite.1,SRX10903454,Cp222,WGS,PCR,GENOMIC SINGLE CELL,PAIRED,0,0,ILLUMINA,Illumina NovaSeq 6000,SRP319216,PRJNA727683,NA,727683,SRS8995631,SAMN19228362,simple,3649,Carica papaya,Cp222,NA,NA,NA,NA,NA,NA,no,NA,NA,NA,NA,FUJIAN AGRICULTURE AND UNIVERSITY,SRA1232859,NA,public,F36DF2C0D8CFBFF7ABB5BDD78571F25B,15381C9731D72CDE51E708E85B0DCB9E
SRR14560226,2022-01-18T22:11:08Z,2021-05-16T23:42:39Z,23407398,4728294396,23407398,202,2897,NA,https://sra-downloadb.be-md.ncbi.nlm.nih.gov/sos4/sra-pub-zq-1/SRR014/14560/SRR14560226/SRR14560226.lite.1,SRX10903455,Cp227,WGS,PCR,GENOMIC SINGLE CELL,PAIRED,0,0,ILLUMINA,Illumina NovaSeq 6000,SRP319216,PRJNA727683,NA,727683,SRS8995632,SAMN19228363,simple,3649,Carica papaya,Cp227,NA,NA,NA,NA,NA,NA,no,NA,NA,NA,NA,FUJIAN AGRICULTURE AND UNIVERSITY,SRA1232859,NA,public,0A4273253AE6305BAB3A0BFBFD094410,01E551175DC7C814DD51E49DAA5506C4
SRR14560225,2022-01-18T22:11:08Z,2021-05-17T00:50:06Z,45068687,9103874774,45068687,202,5420,NA,https://sra-downloadb.be-md.ncbi.nlm.nih.gov/sos9/sra-pub-zq-924/SRR014/14560/SRR14560225/SRR14560225.lite.1,SRX10903456,Cp242,WGS,PCR,GENOMIC SINGLE CELL,PAIRED,0,0,ILLUMINA,Illumina NovaSeq 6000,SRP319216,PRJNA727683,NA,727683,SRS8995633,SAMN19228364,simple,3649,Carica papaya,Cp242,NA,NA,NA,NA,NA,NA,no,NA,NA,NA,NA,FUJIAN AGRICULTURE AND UNIVERSITY,SRA1232859,NA,public,96D51643189A4C0F7BA1747C77699D61,E3F918533AD2199FB94EF7E9A558BC24
SRR14560232,2022-01-18T22:11:07Z,2021-05-17T02:11:24Z,38088943,7693966486,38088943,202,4665,NA,https://sra-downloadb.be-md.ncbi.nlm.nih.gov/sos4/sra-pub-zq-1/SRR014/14560/SRR14560232/SRR14560232.lite.1,SRX10903449,Cp185,WGS,PCR,GENOMIC SINGLE CELL,PAIRED,0,0,ILLUMINA,Illumina NovaSeq 6000,SRP319216,PRJNA727683,NA,727683,SRS8995626,SAMN19228357,simple,3649,Carica papaya,Cp185,NA,NA,NA,NA,NA,NA,no,NA,NA,NA,NA,FUJIAN AGRICULTURE AND UNIVERSITY,SRA1232859,NA,public,F1E710A0E569EEA8739DD0B75A167508,15E38A44CDAA2E5A561F1A1D4AA2F444
SRR14560231,2022-01-18T22:11:07Z,2021-05-17T00:46:21Z,37218734,7518184268,37218734,202,4522,NA,https://sra-downloadb.be-md.ncbi.nlm.nih.gov/sos9/sra-pub-zq-924/SRR014/14560/SRR14560231/SRR14560231.lite.1,SRX10903450,Cp202,WGS,PCR,GENOMIC SINGLE CELL,PAIRED,0,0,ILLUMINA,Illumina NovaSeq 6000,SRP319216,PRJNA727683,NA,727683,SRS8995627,SAMN19228358,simple,3649,Carica papaya,Cp202,NA,NA,NA,NA,NA,NA,no,NA,NA,NA,NA,FUJIAN AGRICULTURE AND UNIVERSITY,SRA1232859,NA,public,89C5E8379673427ADFD0EF5267D9BFFD,E8A0D07FFFF29A30BA4BB2F61C39E489
SRR14560230,2022-01-18T22:11:07Z,2021-05-17T00:21:05Z,46838557,9461388514,46838557,202,5964,NA,https://sra-downloadb.be-md.ncbi.nlm.nih.gov/sos9/sra-pub-zq-924/SRR014/14560/SRR14560230/SRR14560230.lite.1,SRX10903451,Cp203,WGS,PCR,GENOMIC SINGLE CELL,PAIRED,0,0,ILLUMINA,Illumina NovaSeq 6000,SRP319216,PRJNA727683,NA,727683,SRS8995628,SAMN19228359,simple,3649,Carica papaya,Cp203,NA,NA,NA,NA,NA,NA,no,NA,NA,NA,NA,FUJIAN AGRICULTURE AND UNIVERSITY,SRA1232859,NA,public,CAF7AF2C28BC1413C5C749E8DBBBF862,0527899F825D3B3279A3BB02F4CD4E64
SRR14483189,2022-01-18T22:11:08Z,2021-05-14T05:51:31Z,154736671,46421001300,154736671,300,14129,NA,https://sra-downloadb.be-md.ncbi.nlm.nih.gov/sos8/sra-pub-zq-820/SRR014/14483/SRR14483189/SRR14483189.lite.1,SRX10830837,SunUp WGS,WGS,PCR,GENOMIC SINGLE CELL,PAIRED,0,0,ILLUMINA,Illumina NovaSeq 6000,SRP319216,PRJNA727683,NA,727683,SRS8914971,SAMN19030564,simple,3649,Carica papaya,SunUpWGS,NA,NA,NA,NA,NA,NA,no,NA,NA,NA,NA,FUJIAN AGRICULTURE AND FORESTRY UNIVERSITY,SRA1229888,NA,public,6B59043AEA88F098DD477A917ADDDA1A,5D77779805B7E23BE019FFFB6B8589C5
SRR14483188,2022-01-18T22:11:08Z,2021-05-10T19:30:55Z,37084831,9197038088,37084831,248,5778,NA,https://sra-downloadb.be-md.ncbi.nlm.nih.gov/sos9/sra-pub-zq-922/SRR014/14483/SRR14483188/SRR14483188.lite.1,SRX10830838,SunSet WGS,WGS,PCR,GENOMIC SINGLE CELL,PAIRED,0,0,ILLUMINA,Illumina NovaSeq 6000,SRP319216,PRJNA727683,NA,727683,SRS8914972,SAMN19030565,simple,3649,Carica papaya,SunSetWGS,NA,NA,NA,NA,NA,NA,no,NA,NA,NA,NA,FUJIAN AGRICULTURE AND FORESTRY UNIVERSITY,SRA1229888,NA,public,BA7068AE805BCAA26A50F40D94D3E7F3,452E034710CA465CEF9DF3A64525AD67
SRR24651504,2023-05-18T20:32:41Z,2023-05-18T19:39:41Z,38973748,11692124400,38973748,300,3573,NA,https://sra-downloadb.be-md.ncbi.nlm.nih.gov/sos8/sra-pub-zq-818/SRR024/24651/SRR24651504/SRR24651504.lite.1,SRX20431577,BG,WGS,cDNA,GENOMIC,PAIRED,0,0,ILLUMINA,Illumina NovaSeq 6000,SRP438487,PRJNA970517,NA,970517,SRS17737816,SAMN35161011,simple,3649,Carica papaya,BG,NA,NA,NA,NA,NA,NA,no,NA,NA,NA,NA,GUANGDONG ACADEMY OF AGRICULTURAL SCIENCES,SRA1640474,NA,public,C1522331797AA9781E6C2265AA14B75A,D658EE43A9A7BED852244184B24A8B0A
SRR24651502,2023-05-18T20:32:41Z,2023-05-18T19:24:38Z,42816674,12845002200,42816674,300,4079,NA,https://sra-downloadb.be-md.ncbi.nlm.nih.gov/sos8/sra-pub-zq-818/SRR024/24651/SRR24651502/SRR24651502.lite.1,SRX20431579,G3,WGS,cDNA,GENOMIC,PAIRED,0,0,ILLUMINA,Illumina NovaSeq 6000,SRP438487,PRJNA970517,NA,970517,SRS17737817,SAMN35161013,simple,3649,Carica papaya,G3,NA,NA,NA,NA,NA,NA,no,NA,NA,NA,NA,GUANGDONG ACADEMY OF AGRICULTURAL SCIENCES,SRA1640474,NA,public,EFE323A50FC07EAE92B8E7A01784ED1C,B84F5FAB7A89A138D4AD91FC3F15F06B
SRR24651501,2023-05-18T20:32:41Z,2023-05-18T19:22:33Z,42535319,12760595700,42535319,300,4085,NA,https://sra-downloadb.be-md.ncbi.nlm.nih.gov/sos8/sra-pub-zq-818/SRR024/24651/SRR24651501/SRR24651501.lite.1,SRX20431580,G4,WGS,cDNA,GENOMIC,PAIRED,0,0,ILLUMINA,Illumina NovaSeq 6000,SRP438487,PRJNA970517,NA,970517,SRS17737820,SAMN35161014,simple,3649,Carica papaya,G4,NA,NA,NA,NA,NA,NA,no,NA,NA,NA,NA,GUANGDONG ACADEMY OF AGRICULTURAL SCIENCES,SRA1640474,NA,public,1B71486505C93574152FC618CEF95917,02150A5D845F2ECD78CFBF0F01DAAF11
SRR24651500,2023-05-18T20:32:41Z,2023-05-18T19:26:29Z,40235230,12070569000,40235230,300,3909,NA,https://sra-downloadb.be-md.ncbi.nlm.nih.gov/sos8/sra-pub-zq-818/SRR024/24651/SRR24651500/SRR24651500.lite.1,SRX20431581,GT1V,WGS,cDNA,GENOMIC,PAIRED,0,0,ILLUMINA,Illumina NovaSeq 6000,SRP438487,PRJNA970517,NA,970517,SRS17737821,SAMN35161015,simple,3649,Carica papaya,GT1V,NA,NA,NA,NA,NA,NA,no,NA,NA,NA,NA,GUANGDONG ACADEMY OF AGRICULTURAL SCIENCES,SRA1640474,NA,public,CD67E4714978A3DDED3C0449A916D05F,4D0B4AD95A1A07129072E1B6668852C8
SRR24651503,2023-05-18T20:32:41Z,2023-05-18T19:39:06Z,37574120,11272236000,37574120,300,3438,NA,https://sra-downloadb.be-md.ncbi.nlm.nih.gov/sos8/sra-pub-zq-818/SRR024/24651/SRR24651503/SRR24651503.lite.1,SRX20431578,FJ,WGS,cDNA,GENOMIC,PAIRED,0,0,ILLUMINA,Illumina NovaSeq 6000,SRP438487,PRJNA970517,NA,970517,SRS17737822,SAMN35161012,simple,3649,Carica papaya,FJ,NA,NA,NA,NA,NA,NA,no,NA,NA,NA,NA,GUANGDONG ACADEMY OF AGRICULTURAL SCIENCES,SRA1640474,NA,public,8FEBAC8099AADBB894AE1AB18986D33C,A883CF3D734616EEFA35ED6A13230D0C
SRR24651509,2023-05-18T20:32:41Z,2023-05-18T19:36:04Z,40018836,12005650800,40018836,300,3867,NA,https://sra-downloadb.be-md.ncbi.nlm.nih.gov/sos8/sra-pub-zq-818/SRR024/24651/SRR24651509/SRR24651509.lite.1,SRX20431572,Y61,WGS,cDNA,GENOMIC,PAIRED,0,0,ILLUMINA,Illumina NovaSeq 6000,SRP438487,PRJNA970517,NA,970517,SRS17737810,SAMN35161051,simple,3649,Carica papaya,Y61,NA,NA,NA,NA,NA,NA,no,NA,NA,NA,NA,GUANGDONG ACADEMY OF AGRICULTURAL SCIENCES,SRA1640474,NA,public,0E431F5F2FC6AB71440B46EEED35D5E0,BD603A882417C6F33D1B7046C2C48B28
SRR24651507,2023-05-18T20:32:41Z,2023-05-18T19:24:12Z,38033717,11410115100,38033717,300,3442,NA,https://sra-downloadb.be-md.ncbi.nlm.nih.gov/sos8/sra-pub-zq-818/SRR024/24651/SRR24651507/SRR24651507.lite.1,SRX20431574,YN,WGS,cDNA,GENOMIC,PAIRED,0,0,ILLUMINA,Illumina NovaSeq 6000,SRP438487,PRJNA970517,NA,970517,SRS17737819,SAMN35161053,simple,3649,Carica papaya,YN,NA,NA,NA,NA,NA,NA,no,NA,NA,NA,NA,GUANGDONG ACADEMY OF AGRICULTURAL SCIENCES,SRA1640474,NA,public,CC6912427D7C9A6AB7A9691DC4DC2C09,6FB2DFB264AB44FA625B8F79C7D6DC97
SRR24651508,2023-05-18T20:32:41Z,2023-05-18T19:41:27Z,45244950,13573485000,45244950,300,4307,NA,https://sra-downloadb.be-md.ncbi.nlm.nih.gov/sos8/sra-pub-zq-818/SRR024/24651/SRR24651508/SRR24651508.lite.1,SRX20431573,Yichigua,WGS,cDNA,GENOMIC,PAIRED,0,0,ILLUMINA,Illumina NovaSeq 6000,SRP438487,PRJNA970517,NA,970517,SRS17737809,SAMN35161052,simple,3649,Carica papaya,Yichigua,NA,NA,NA,NA,NA,NA,no,NA,NA,NA,NA,GUANGDONG ACADEMY OF AGRICULTURAL SCIENCES,SRA1640474,NA,public,A7A4393D676ED5432CE927546AC21174,0341ABDF4F4E8515FF59852CCBBDC6FC
SRR24651506,2023-05-18T20:32:41Z,2023-05-18T20:02:43Z,39524010,11857203000,39524010,300,3657,NA,https://sra-downloadb.be-md.ncbi.nlm.nih.gov/sos8/sra-pub-zq-818/SRR024/24651/SRR24651506/SRR24651506.lite.1,SRX20431575,Zhufeng,WGS,cDNA,GENOMIC,PAIRED,0,0,ILLUMINA,Illumina NovaSeq 6000,SRP438487,PRJNA970517,NA,970517,SRS17737812,SAMN35161054,simple,3649,Carica papaya,Zhufeng,NA,NA,NA,NA,NA,NA,no,NA,NA,NA,NA,GUANGDONG ACADEMY OF AGRICULTURAL SCIENCES,SRA1640474,NA,public,96C0C042EDD6B339858AFF18048B8825,38B0A59EF68D7A86494613EF5178A17C
SRR24651505,2023-05-18T20:32:41Z,2023-05-18T19:38:00Z,40796527,12238958100,40796527,300,3746,NA,https://sra-downloadb.be-md.ncbi.nlm.nih.gov/sos8/sra-pub-zq-818/SRR024/24651/SRR24651505/SRR24651505.lite.1,SRX20431576,Zihui,WGS,cDNA,GENOMIC,PAIRED,0,0,ILLUMINA,Illumina NovaSeq 6000,SRP438487,PRJNA970517,NA,970517,SRS17737818,SAMN35161055,simple,3649,Carica papaya,Zihui,NA,NA,NA,NA,NA,NA,no,NA,NA,NA,NA,GUANGDONG ACADEMY OF AGRICULTURAL SCIENCES,SRA1640474,NA,public,2CC0C7CB6929CEE886FD19CF3D4290F5,C94F378DABE9AE747B3FA8BC1D646C1B
SRR24651514,2023-05-18T20:32:41Z,2023-05-18T19:32:54Z,40018781,12005634300,40018781,300,3651,NA,https://sra-downloadb.be-md.ncbi.nlm.nih.gov/sos8/sra-pub-zq-818/SRR024/24651/SRR24651514/SRR24651514.lite.1,SRX20431567,T4,WGS,cDNA,GENOMIC,PAIRED,0,0,ILLUMINA,Illumina NovaSeq 6000,SRP438487,PRJNA970517,NA,970517,SRS17737803,SAMN35161046,simple,3649,Carica papaya,T4,NA,NA,NA,NA,NA,NA,no,NA,NA,NA,NA,GUANGDONG ACADEMY OF AGRICULTURAL SCIENCES,SRA1640474,NA,public,59FDF77655830A67F66077E71D568CF4,3D36E51060CA80FE37FA55045311968B
SRR24651513,2023-05-18T20:32:41Z,2023-05-18T19:37:27Z,40551076,12165322800,40551076,300,3769,NA,https://sra-downloadb.be-md.ncbi.nlm.nih.gov/sos8/sra-pub-zq-818/SRR024/24651/SRR24651513/SRR24651513.lite.1,SRX20431568,T5,WGS,cDNA,GENOMIC,PAIRED,0,0,ILLUMINA,Illumina NovaSeq 6000,SRP438487,PRJNA970517,NA,970517,SRS17737804,SAMN35161047,simple,3649,Carica papaya,T5,NA,NA,NA,NA,NA,NA,no,NA,NA,NA,NA,GUANGDONG ACADEMY OF AGRICULTURAL SCIENCES,SRA1640474,NA,public,A752126F064B5DF8DAC974EF9091BDE8,3825B7138128326B569B8D6181F86BB1
SRR24651512,2023-05-18T20:32:41Z,2023-05-18T19:31:45Z,39570264,11871079200,39570264,300,3676,NA,https://sra-downloadb.be-md.ncbi.nlm.nih.gov/sos8/sra-pub-zq-818/SRR024/24651/SRR24651512/SRR24651512.lite.1,SRX20431569,T6,WGS,cDNA,GENOMIC,PAIRED,0,0,ILLUMINA,Illumina NovaSeq 6000,SRP438487,PRJNA970517,NA,970517,SRS17737813,SAMN35161048,simple,3649,Carica papaya,T6,NA,NA,NA,NA,NA,NA,no,NA,NA,NA,NA,GUANGDONG ACADEMY OF AGRICULTURAL SCIENCES,SRA1640474,NA,public,30E8742EA13A61E08D65025BC3EEF183,0094A4AD821EE71A2205887565C51DF6
SRR24651511,2023-05-18T20:32:41Z,2023-05-18T19:39:38Z,44670868,13401260400,44670868,300,4167,NA,https://sra-downloadb.be-md.ncbi.nlm.nih.gov/sos8/sra-pub-zq-818/SRR024/24651/SRR24651511/SRR24651511.lite.1,SRX20431570,Xiaxuan,WGS,cDNA,GENOMIC,PAIRED,0,0,ILLUMINA,Illumina NovaSeq 6000,SRP438487,PRJNA970517,NA,970517,SRS17737815,SAMN35161049,simple,3649,Carica papaya,Xiaxuan,NA,NA,NA,NA,NA,NA,no,NA,NA,NA,NA,GUANGDONG ACADEMY OF AGRICULTURAL SCIENCES,SRA1640474,NA,public,A20471FDF20CA44CED9A6BD9D63237CD,3C655747E9DED9897B5913AFB014D5CD
SRR24651510,2023-05-18T20:32:41Z,2023-05-18T19:33:27Z,41394440,12418332000,41394440,300,3978,NA,https://sra-downloadb.be-md.ncbi.nlm.nih.gov/sos8/sra-pub-zq-818/SRR024/24651/SRR24651510/SRR24651510.lite.1,SRX20431571,Y8,WGS,cDNA,GENOMIC,PAIRED,0,0,ILLUMINA,Illumina NovaSeq 6000,SRP438487,PRJNA970517,NA,970517,SRS17737811,SAMN35161050,simple,3649,Carica papaya,Y8,NA,NA,NA,NA,NA,NA,no,NA,NA,NA,NA,GUANGDONG ACADEMY OF AGRICULTURAL SCIENCES,SRA1640474,NA,public,EDB979A3D98DF997690C64BBCC93EC24,29880809F024916374B825C9244CC3FA
SRR24651516,2023-05-18T20:32:41Z,2023-05-18T19:29:32Z,42727786,12818335800,42727786,300,4097,NA,https://sra-downloadb.be-md.ncbi.nlm.nih.gov/sos8/sra-pub-zq-818/SRR024/24651/SRR24651516/SRR24651516.lite.1,SRX20431565,T3,WGS,cDNA,GENOMIC,PAIRED,0,0,ILLUMINA,Illumina NovaSeq 6000,SRP438487,PRJNA970517,NA,970517,SRS17737800,SAMN35161045,simple,3649,Carica papaya,T3,NA,NA,NA,NA,NA,NA,no,NA,NA,NA,NA,GUANGDONG ACADEMY OF AGRICULTURAL SCIENCES,SRA1640474,NA,public,DA4FE318560B068C53BE5B5328954C0C,7421DD24E3A9A9041569E9824E7B8DAC
SRR24651519,2023-05-18T20:32:41Z,2023-05-18T19:30:44Z,39040590,11712177000,39040590,300,3551,NA,https://sra-downloadb.be-md.ncbi.nlm.nih.gov/sos8/sra-pub-zq-818/SRR024/24651/SRR24651519/SRR24651519.lite.1,SRX20431562,PX412,WGS,cDNA,GENOMIC,PAIRED,0,0,ILLUMINA,Illumina NovaSeq 6000,SRP438487,PRJNA970517,NA,970517,SRS17737806,SAMN35161042,simple,3649,Carica papaya,PX412,NA,NA,NA,NA,NA,NA,no,NA,NA,NA,NA,GUANGDONG ACADEMY OF AGRICULTURAL SCIENCES,SRA1640474,NA,public,39E44A4782E055DC2AD47137CF368E70,2F2A88E86D6446F55E16E5BB4ED9FF71
SRR24651518,2023-05-18T20:32:41Z,2023-05-18T19:57:55Z,41091691,12327507300,41091691,300,3804,NA,https://sra-downloadb.be-md.ncbi.nlm.nih.gov/sos8/sra-pub-zq-818/SRR024/24651/SRR24651518/SRR24651518.lite.1,SRX20431563,Suihuang,WGS,cDNA,GENOMIC,PAIRED,0,0,ILLUMINA,Illumina NovaSeq 6000,SRP438487,PRJNA970517,NA,970517,SRS17737807,SAMN35161043,simple,3649,Carica papaya,Suihuang,NA,NA,NA,NA,NA,NA,no,NA,NA,NA,NA,GUANGDONG ACADEMY OF AGRICULTURAL SCIENCES,SRA1640474,NA,public,1270129AC9D81B921D1AB3C9B177B026,F44427424663AAD30D02F8832BE32A7C
SRR24651517,2023-05-18T20:32:41Z,2023-05-18T19:38:43Z,42608444,12782533200,42608444,300,4100,NA,https://sra-downloadb.be-md.ncbi.nlm.nih.gov/sos8/sra-pub-zq-818/SRR024/24651/SRR24651517/SRR24651517.lite.1,SRX20431564,T2,WGS,cDNA,GENOMIC,PAIRED,0,0,ILLUMINA,Illumina NovaSeq 6000,SRP438487,PRJNA970517,NA,970517,SRS17737808,SAMN35161044,simple,3649,Carica papaya,T2,NA,NA,NA,NA,NA,NA,no,NA,NA,NA,NA,GUANGDONG ACADEMY OF AGRICULTURAL SCIENCES,SRA1640474,NA,public,F9395B64558F1524FD685248E754F006,C0175F182E37F17C687707862DEF43BF
SRR24651515,2023-05-18T20:32:41Z,2023-05-18T19:54:43Z,39983246,11994973800,39983246,300,3886,NA,https://sra-downloadb.be-md.ncbi.nlm.nih.gov/sos8/sra-pub-zq-818/SRR024/24651/SRR24651515/SRR24651515.lite.1,SRX20431566,2017443059,WGS,cDNA,GENOMIC,PAIRED,0,0,ILLUMINA,Illumina NovaSeq 6000,SRP438487,PRJNA970517,NA,970517,SRS17737814,SAMN35161010,simple,3649,Carica papaya,2017443059,NA,NA,NA,NA,NA,NA,no,NA,NA,NA,NA,GUANGDONG ACADEMY OF AGRICULTURAL SCIENCES,SRA1640474,NA,public,F16F9130C0D3865C3174D7ECA10B0320,5468CA221FCB41A6615E868BC0A85DCB
SRR24651522,2023-05-18T20:32:41Z,2023-05-18T19:27:34Z,38184276,11455282800,38184276,300,3501,NA,https://sra-downloadb.be-md.ncbi.nlm.nih.gov/sos8/sra-pub-zq-818/SRR024/24651/SRR24651522/SRR24651522.lite.1,SRX20431559,PL1,WGS,cDNA,GENOMIC,PAIRED,0,0,ILLUMINA,Illumina NovaSeq 6000,SRP438487,PRJNA970517,NA,970517,SRS17737794,SAMN35161039,simple,3649,Carica papaya,PL1,NA,NA,NA,NA,NA,NA,no,NA,NA,NA,NA,GUANGDONG ACADEMY OF AGRICULTURAL SCIENCES,SRA1640474,NA,public,EEC2927B221D91A2F46C5B19408A34C5,846FF0D5430FCB3A47D66F1927C08D67
SRR24651521,2023-05-18T20:32:41Z,2023-05-18T19:34:24Z,36788257,11036477100,36788257,300,3593,NA,https://sra-downloadb.be-md.ncbi.nlm.nih.gov/sos8/sra-pub-zq-818/SRR024/24651/SRR24651521/SRR24651521.lite.1,SRX20431560,PL2,WGS,cDNA,GENOMIC,PAIRED,0,0,ILLUMINA,Illumina NovaSeq 6000,SRP438487,PRJNA970517,NA,970517,SRS17737797,SAMN35161040,simple,3649,Carica papaya,PL2,NA,NA,NA,NA,NA,NA,no,NA,NA,NA,NA,GUANGDONG ACADEMY OF AGRICULTURAL SCIENCES,SRA1640474,NA,public,5A1F9AB7D58A83DADF26AE434F0BC03B,97C533F8AA67AAD69D667BC3E0607657
SRR24651523,2023-05-18T20:32:41Z,2023-05-18T19:45:54Z,41664147,12499244100,41664147,300,3757,NA,https://sra-downloadb.be-md.ncbi.nlm.nih.gov/sos8/sra-pub-zq-818/SRR024/24651/SRR24651523/SRR24651523.lite.1,SRX20431558,P440785049,WGS,cDNA,GENOMIC,PAIRED,0,0,ILLUMINA,Illumina NovaSeq 6000,SRP438487,PRJNA970517,NA,970517,SRS17737799,SAMN35161038,simple,3649,Carica papaya,P440785049,NA,NA,NA,NA,NA,NA,no,NA,NA,NA,NA,GUANGDONG ACADEMY OF AGRICULTURAL SCIENCES,SRA1640474,NA,public,FFBD7DE82145E968CA085C92A940A95A,11C2258891F65BCEF774C06E40792C89
SRR24651524,2023-05-18T20:32:41Z,2023-05-18T19:36:44Z,41080693,12324207900,41080693,300,3943,NA,https://sra-downloadb.be-md.ncbi.nlm.nih.gov/sos8/sra-pub-zq-818/SRR024/24651/SRR24651524/SRR24651524.lite.1,SRX20431557,P440205014,WGS,cDNA,GENOMIC,PAIRED,0,0,ILLUMINA,Illumina NovaSeq 6000,SRP438487,PRJNA970517,NA,970517,SRS17737801,SAMN35161037,simple,3649,Carica papaya,P440205014,NA,NA,NA,NA,NA,NA,no,NA,NA,NA,NA,GUANGDONG ACADEMY OF AGRICULTURAL SCIENCES,SRA1640474,NA,public,D734FE8429D499A54D96BD2135C869CA,A78ECFEC2DC7A46EEF372F38856BB7F5
SRR24651520,2023-05-18T20:32:41Z,2023-05-18T19:36:39Z,41814583,12544374900,41814583,300,3794,NA,https://sra-downloadb.be-md.ncbi.nlm.nih.gov/sos8/sra-pub-zq-818/SRR024/24651/SRR24651520/SRR24651520.lite.1,SRX20431561,PT1,WGS,cDNA,GENOMIC,PAIRED,0,0,ILLUMINA,Illumina NovaSeq 6000,SRP438487,PRJNA970517,NA,970517,SRS17737805,SAMN35161041,simple,3649,Carica papaya,PT1,NA,NA,NA,NA,NA,NA,no,NA,NA,NA,NA,GUANGDONG ACADEMY OF AGRICULTURAL SCIENCES,SRA1640474,NA,public,6D1261F8AFC52828D88D165F24F2849A,AF315B52651D0D207E767311DC98CEE8
SRR24651526,2023-05-18T20:32:41Z,2023-05-18T19:35:25Z,40515052,12154515600,40515052,300,3660,NA,https://sra-downloadb.be-md.ncbi.nlm.nih.gov/sos8/sra-pub-zq-818/SRR024/24651/SRR24651526/SRR24651526.lite.1,SRX20431555,2017442955,WGS,cDNA,GENOMIC,PAIRED,0,0,ILLUMINA,Illumina NovaSeq 6000,SRP438487,PRJNA970517,NA,970517,SRS17737802,SAMN35161009,simple,3649,Carica papaya,2017442955,NA,NA,NA,NA,NA,NA,no,NA,NA,NA,NA,GUANGDONG ACADEMY OF AGRICULTURAL SCIENCES,SRA1640474,NA,public,409F6428B71349751419536A1B92D29A,FF965E123D06402E6E02B22B3CEC16D9
SRR24651529,2023-05-18T20:32:41Z,2023-05-18T19:40:51Z,41036322,12310896600,41036322,300,3956,NA,https://sra-downloadb.be-md.ncbi.nlm.nih.gov/sos8/sra-pub-zq-818/SRR024/24651/SRR24651529/SRR24651529.lite.1,SRX20431552,P1,WGS,cDNA,GENOMIC,PAIRED,0,0,ILLUMINA,Illumina NovaSeq 6000,SRP438487,PRJNA970517,NA,970517,SRS17737795,SAMN35161033,simple,3649,Carica papaya,P1,NA,NA,NA,NA,NA,NA,no,NA,NA,NA,NA,GUANGDONG ACADEMY OF AGRICULTURAL SCIENCES,SRA1640474,NA,public,A77BFAF34E45EF30B74236904FAEBCB3,03E482DBD6398FC551B28CB294A46F0C
SRR24651528,2023-05-18T20:32:41Z,2023-05-18T19:40:15Z,40870463,12261138900,40870463,300,3941,NA,https://sra-downloadb.be-md.ncbi.nlm.nih.gov/sos8/sra-pub-zq-818/SRR024/24651/SRR24651528/SRR24651528.lite.1,SRX20431553,P3,WGS,cDNA,GENOMIC,PAIRED,0,0,ILLUMINA,Illumina NovaSeq 6000,SRP438487,PRJNA970517,NA,970517,SRS17737796,SAMN35161034,simple,3649,Carica papaya,P3,NA,NA,NA,NA,NA,NA,no,NA,NA,NA,NA,GUANGDONG ACADEMY OF AGRICULTURAL SCIENCES,SRA1640474,NA,public,CA7E942EE5B95089B2CDB642953065D6,7B7DCC9D4086480D59A09C94B8107545
SRR24651527,2023-05-18T20:32:41Z,2023-05-18T19:32:51Z,39515876,11854762800,39515876,300,3640,NA,https://sra-downloadb.be-md.ncbi.nlm.nih.gov/sos8/sra-pub-zq-818/SRR024/24651/SRR24651527/SRR24651527.lite.1,SRX20431554,P50,WGS,cDNA,GENOMIC,PAIRED,0,0,ILLUMINA,Illumina NovaSeq 6000,SRP438487,PRJNA970517,NA,970517,SRS17737792,SAMN35161035,simple,3649,Carica papaya,P50,NA,NA,NA,NA,NA,NA,no,NA,NA,NA,NA,GUANGDONG ACADEMY OF AGRICULTURAL SCIENCES,SRA1640474,NA,public,4734E2ECC0D5E5CCA4125BB70E33CE51,7151830B6675419241997CE779A53D5B
SRR24651525,2023-05-18T20:32:41Z,2023-05-18T19:35:04Z,37462741,11238822300,37462741,300,3362,NA,https://sra-downloadb.be-md.ncbi.nlm.nih.gov/sos8/sra-pub-zq-818/SRR024/24651/SRR24651525/SRR24651525.lite.1,SRX20431556,P51,WGS,cDNA,GENOMIC,PAIRED,0,0,ILLUMINA,Illumina NovaSeq 6000,SRP438487,PRJNA970517,NA,970517,SRS17737798,SAMN35161036,simple,3649,Carica papaya,P51,NA,NA,NA,NA,NA,NA,no,NA,NA,NA,NA,GUANGDONG ACADEMY OF AGRICULTURAL SCIENCES,SRA1640474,NA,public,BAAE0E656BC32242FC8B392CA8BDAFAB,9C858C820868E48B218E629693DCB19E
SRR24651534,2023-05-18T20:32:41Z,2023-05-18T19:38:15Z,42407514,12722254200,42407514,300,4056,NA,https://sra-downloadb.be-md.ncbi.nlm.nih.gov/sos8/sra-pub-zq-818/SRR024/24651/SRR24651534/SRR24651534.lite.1,SRX20431547,Jinchui,WGS,cDNA,GENOMIC,PAIRED,0,0,ILLUMINA,Illumina NovaSeq 6000,SRP438487,PRJNA970517,NA,970517,SRS17737783,SAMN35161028,simple,3649,Carica papaya,Jinchui,NA,NA,NA,NA,NA,NA,no,NA,NA,NA,NA,GUANGDONG ACADEMY OF AGRICULTURAL SCIENCES,SRA1640474,NA,public,867159509CA730C4CF8ED9D2DC68B7CC,EE42C81F82AC60CE8B224CB986461DAE
SRR24651533,2023-05-18T20:32:41Z,2023-05-18T19:36:06Z,42574119,12772235700,42574119,300,4107,NA,https://sra-downloadb.be-md.ncbi.nlm.nih.gov/sos8/sra-pub-zq-818/SRR024/24651/SRR24651533/SRR24651533.lite.1,SRX20431548,K1,WGS,cDNA,GENOMIC,PAIRED,0,0,ILLUMINA,Illumina NovaSeq 6000,SRP438487,PRJNA970517,NA,970517,SRS17737785,SAMN35161029,simple,3649,Carica papaya,K1,NA,NA,NA,NA,NA,NA,no,NA,NA,NA,NA,GUANGDONG ACADEMY OF AGRICULTURAL SCIENCES,SRA1640474,NA,public,69698172746F1D80BD417431BD716FF8,C0675B7653374D36061993ACB7916E75
SRR24651531,2023-05-18T20:32:41Z,2023-05-18T19:31:20Z,42369570,12710871000,42369570,300,3821,NA,https://sra-downloadb.be-md.ncbi.nlm.nih.gov/sos8/sra-pub-zq-818/SRR024/24651/SRR24651531/SRR24651531.lite.1,SRX20431550,K3,WGS,cDNA,GENOMIC,PAIRED,0,0,ILLUMINA,Illumina NovaSeq 6000,SRP438487,PRJNA970517,NA,970517,SRS17737786,SAMN35161031,simple,3649,Carica papaya,K3,NA,NA,NA,NA,NA,NA,no,NA,NA,NA,NA,GUANGDONG ACADEMY OF AGRICULTURAL SCIENCES,SRA1640474,NA,public,E0BA30557ABCACEB057A48932277DA37,893509655142A00CD55A2FED69E0F2F6
SRR24651530,2023-05-18T20:32:41Z,2023-05-18T19:36:59Z,39550919,11865275700,39550919,300,3630,NA,https://sra-downloadb.be-md.ncbi.nlm.nih.gov/sos8/sra-pub-zq-818/SRR024/24651/SRR24651530/SRR24651530.lite.1,SRX20431551,M26,WGS,cDNA,GENOMIC,PAIRED,0,0,ILLUMINA,Illumina NovaSeq 6000,SRP438487,PRJNA970517,NA,970517,SRS17737787,SAMN35161032,simple,3649,Carica papaya,M26,NA,NA,NA,NA,NA,NA,no,NA,NA,NA,NA,GUANGDONG ACADEMY OF AGRICULTURAL SCIENCES,SRA1640474,NA,public,2D1B736418405105840E03A1B11CEC98,CD965B1262A582B7153D1C8F12F1B1D0
SRR24651532,2023-05-18T20:32:41Z,2023-05-18T19:31:30Z,42166597,12649979100,42166597,300,4074,NA,https://sra-downloadb.be-md.ncbi.nlm.nih.gov/sos8/sra-pub-zq-818/SRR024/24651/SRR24651532/SRR24651532.lite.1,SRX20431549,K2,WGS,cDNA,GENOMIC,PAIRED,0,0,ILLUMINA,Illumina NovaSeq 6000,SRP438487,PRJNA970517,NA,970517,SRS17737791,SAMN35161030,simple,3649,Carica papaya,K2,NA,NA,NA,NA,NA,NA,no,NA,NA,NA,NA,GUANGDONG ACADEMY OF AGRICULTURAL SCIENCES,SRA1640474,NA,public,C1032D189B9FDC4BDEDD7E4212F596E9,9DB971774F95D752A7324E4786FD6FF0
SRR24651537,2023-05-18T20:32:41Z,2023-05-18T19:43:06Z,42793495,12838048500,42793495,300,4073,NA,https://sra-downloadb.be-md.ncbi.nlm.nih.gov/sos8/sra-pub-zq-818/SRR024/24651/SRR24651537/SRR24651537.lite.1,SRX20431544,2017442041,WGS,cDNA,GENOMIC,PAIRED,0,0,ILLUMINA,Illumina NovaSeq 6000,SRP438487,PRJNA970517,NA,970517,SRS17737793,SAMN35161008,simple,3649,Carica papaya,2017442041,NA,NA,NA,NA,NA,NA,no,NA,NA,NA,NA,GUANGDONG ACADEMY OF AGRICULTURAL SCIENCES,SRA1640474,NA,public,7E78F6447547F19772963CF82C4B1998,A83114ACC6C4E8B850F9AB99C2A1585C
SRR24651539,2023-05-18T20:32:41Z,2023-05-18T19:39:41Z,44458643,13337592900,44458643,300,4212,NA,https://sra-downloadb.be-md.ncbi.nlm.nih.gov/sos8/sra-pub-zq-818/SRR024/24651/SRR24651539/SRR24651539.lite.1,SRX20431542,GZ29,WGS,cDNA,GENOMIC,PAIRED,0,0,ILLUMINA,Illumina NovaSeq 6000,SRP438487,PRJNA970517,NA,970517,SRS17737788,SAMN35161024,simple,3649,Carica papaya,GZ29,NA,NA,NA,NA,NA,NA,no,NA,NA,NA,NA,GUANGDONG ACADEMY OF AGRICULTURAL SCIENCES,SRA1640474,NA,public,7E3745F9ACF965AED79C516E61DA5FE8,0067F8A8231B0A9D95F8E60FF449A56D
SRR24651538,2023-05-18T20:32:41Z,2023-05-18T19:25:30Z,42426175,12727852500,42426175,300,4051,NA,https://sra-downloadb.be-md.ncbi.nlm.nih.gov/sos8/sra-pub-zq-818/SRR024/24651/SRR24651538/SRR24651538.lite.1,SRX20431543,Huanghuayou,WGS,cDNA,GENOMIC,PAIRED,0,0,ILLUMINA,Illumina NovaSeq 6000,SRP438487,PRJNA970517,NA,970517,SRS17737789,SAMN35161025,simple,3649,Carica papaya,Huanghuayou,NA,NA,NA,NA,NA,NA,no,NA,NA,NA,NA,GUANGDONG ACADEMY OF AGRICULTURAL SCIENCES,SRA1640474,NA,public,0CCFE9E1FDA9E1877886030CF20223F1,06D6D59432DBB0604256E51C3EE58764
SRR24651536,2023-05-18T20:32:41Z,2023-05-18T19:38:56Z,40903081,12270924300,40903081,300,3967,NA,https://sra-downloadb.be-md.ncbi.nlm.nih.gov/sos8/sra-pub-zq-818/SRR024/24651/SRR24651536/SRR24651536.lite.1,SRX20431545,Huangjinzhong,WGS,cDNA,GENOMIC,PAIRED,0,0,ILLUMINA,Illumina NovaSeq 6000,SRP438487,PRJNA970517,NA,970517,SRS17737777,SAMN35161026,simple,3649,Carica papaya,Huangjinzhong,NA,NA,NA,NA,NA,NA,no,NA,NA,NA,NA,GUANGDONG ACADEMY OF AGRICULTURAL SCIENCES,SRA1640474,NA,public,BC996AF3B6D54644A4B72CDFD2D7356F,049098DC18771FA475F745BEC6085A66
SRR24651535,2023-05-18T20:32:41Z,2023-05-18T19:34:56Z,39515760,11854728000,39515760,300,3657,NA,https://sra-downloadb.be-md.ncbi.nlm.nih.gov/sos8/sra-pub-zq-818/SRR024/24651/SRR24651535/SRR24651535.lite.1,SRX20431546,Huanong1,WGS,cDNA,GENOMIC,PAIRED,0,0,ILLUMINA,Illumina NovaSeq 6000,SRP438487,PRJNA970517,NA,970517,SRS17737778,SAMN35161027,simple,3649,Carica papaya,Huanong1,NA,NA,NA,NA,NA,NA,no,NA,NA,NA,NA,GUANGDONG ACADEMY OF AGRICULTURAL SCIENCES,SRA1640474,NA,public,69846D6DFE3CCE0951A917728C379B1D,4F090DF245EE68783CDEA03F6D26C3D8
SRR24651543,2023-05-18T20:32:41Z,2023-05-18T19:31:51Z,39385701,11815710300,39385701,300,3591,NA,https://sra-downloadb.be-md.ncbi.nlm.nih.gov/sos8/sra-pub-zq-818/SRR024/24651/SRR24651543/SRR24651543.lite.1,SRX20431538,GX-13,WGS,cDNA,GENOMIC,PAIRED,0,0,ILLUMINA,Illumina NovaSeq 6000,SRP438487,PRJNA970517,NA,970517,SRS17737775,SAMN35161020,simple,3649,Carica papaya,GX-13,NA,NA,NA,NA,NA,NA,no,NA,NA,NA,NA,GUANGDONG ACADEMY OF AGRICULTURAL SCIENCES,SRA1640474,NA,public,CA83563C95F48F00C49EFB10C3DECD26,3CFC831FE50E50E30A477C2299EF2127
SRR24651544,2023-05-18T20:32:41Z,2023-05-18T19:36:22Z,38279617,11483885100,38279617,300,3479,NA,https://sra-downloadb.be-md.ncbi.nlm.nih.gov/sos8/sra-pub-zq-818/SRR024/24651/SRR24651544/SRR24651544.lite.1,SRX20431537,GX-7,WGS,cDNA,GENOMIC,PAIRED,0,0,ILLUMINA,Illumina NovaSeq 6000,SRP438487,PRJNA970517,NA,970517,SRS17737780,SAMN35161019,simple,3649,Carica papaya,GX-7,NA,NA,NA,NA,NA,NA,no,NA,NA,NA,NA,GUANGDONG ACADEMY OF AGRICULTURAL SCIENCES,SRA1640474,NA,public,75626C328261C3E883E127757A6C6E55,164DE59F1175A0DF32806FBF0C3FEC56
SRR24651541,2023-05-18T20:32:41Z,2023-05-18T19:35:26Z,39029485,11708845500,39029485,300,3597,NA,https://sra-downloadb.be-md.ncbi.nlm.nih.gov/sos8/sra-pub-zq-818/SRR024/24651/SRR24651541/SRR24651541.lite.1,SRX20431540,GY11,WGS,cDNA,GENOMIC,PAIRED,0,0,ILLUMINA,Illumina NovaSeq 6000,SRP438487,PRJNA970517,NA,970517,SRS17737781,SAMN35161022,simple,3649,Carica papaya,GY11,NA,NA,NA,NA,NA,NA,no,NA,NA,NA,NA,GUANGDONG ACADEMY OF AGRICULTURAL SCIENCES,SRA1640474,NA,public,FA83FCDF02705027676A34FBEF611E21,8F67CCFED753DEE8E037328B84EABD61
SRR24651542,2023-05-18T20:32:41Z,2023-05-18T19:34:16Z,41723877,12517163100,41723877,300,4009,NA,https://sra-downloadb.be-md.ncbi.nlm.nih.gov/sos8/sra-pub-zq-818/SRR024/24651/SRR24651542/SRR24651542.lite.1,SRX20431539,GY6,WGS,cDNA,GENOMIC,PAIRED,0,0,ILLUMINA,Illumina NovaSeq 6000,SRP438487,PRJNA970517,NA,970517,SRS17737784,SAMN35161021,simple,3649,Carica papaya,GY6,NA,NA,NA,NA,NA,NA,no,NA,NA,NA,NA,GUANGDONG ACADEMY OF AGRICULTURAL SCIENCES,SRA1640474,NA,public,7FDBDAA6DB3F9C0A5AEED24DA6C931AF,FC3111353407F01792734077A728C862
SRR24651540,2023-05-18T20:32:41Z,2023-05-18T19:36:24Z,41019692,12305907600,41019692,300,3961,NA,https://sra-downloadb.be-md.ncbi.nlm.nih.gov/sos8/sra-pub-zq-818/SRR024/24651/SRR24651540/SRR24651540.lite.1,SRX20431541,GZ8,WGS,cDNA,GENOMIC,PAIRED,0,0,ILLUMINA,Illumina NovaSeq 6000,SRP438487,PRJNA970517,NA,970517,SRS17737790,SAMN35161023,simple,3649,Carica papaya,GZ8,NA,NA,NA,NA,NA,NA,no,NA,NA,NA,NA,GUANGDONG ACADEMY OF AGRICULTURAL SCIENCES,SRA1640474,NA,public,FC01DC8AA1DFDFD5F769BE6EAED1BE6E,5B4201D186A5D3C53F63AC03CE12C328
SRR24651548,2023-05-18T20:32:41Z,2023-05-18T19:37:27Z,39092927,11727878100,39092927,300,3607,NA,https://sra-downloadb.be-md.ncbi.nlm.nih.gov/sos8/sra-pub-zq-818/SRR024/24651/SRR24651548/SRR24651548.lite.1,SRX20431533,2017441341,WGS,cDNA,GENOMIC,PAIRED,0,0,ILLUMINA,Illumina NovaSeq 6000,SRP438487,PRJNA970517,NA,970517,SRS17737774,SAMN35161007,simple,3649,Carica papaya,2017441341,NA,NA,NA,NA,NA,NA,no,NA,NA,NA,NA,GUANGDONG ACADEMY OF AGRICULTURAL SCIENCES,SRA1640474,NA,public,5698EF13D0F674AB9518834DE8BB12AB,1030E77F6088660ED288044B146FA22B
SRR24651549,2023-05-18T20:32:41Z,2023-05-18T19:33:01Z,46972299,14091689700,46972299,300,4430,NA,https://sra-downloadb.be-md.ncbi.nlm.nih.gov/sos8/sra-pub-zq-818/SRR024/24651/SRR24651549/SRR24651549.lite.1,SRX20431532,42031,WGS,cDNA,GENOMIC,PAIRED,0,0,ILLUMINA,Illumina NovaSeq 6000,SRP438487,PRJNA970517,NA,970517,SRS17737773,SAMN35161006,simple,3649,Carica papaya,42031,NA,NA,NA,NA,NA,NA,no,NA,NA,NA,NA,GUANGDONG ACADEMY OF AGRICULTURAL SCIENCES,SRA1640474,NA,public,AD737ED20B2C98CE9D0AECE3BB472BC4,FCBC1594AE3A58A4FD939FA6447B3E99
SRR24651547,2023-05-18T20:32:41Z,2023-05-18T19:38:11Z,42730529,12819158700,42730529,300,4062,NA,https://sra-downloadb.be-md.ncbi.nlm.nih.gov/sos8/sra-pub-zq-818/SRR024/24651/SRR24651547/SRR24651547.lite.1,SRX20431534,GX-1,WGS,cDNA,GENOMIC,PAIRED,0,0,ILLUMINA,Illumina NovaSeq 6000,SRP438487,PRJNA970517,NA,970517,SRS17737779,SAMN35161016,simple,3649,Carica papaya,GX-1,NA,NA,NA,NA,NA,NA,no,NA,NA,NA,NA,GUANGDONG ACADEMY OF AGRICULTURAL SCIENCES,SRA1640474,NA,public,714554D4F10FEE7D8983BC5F3B5DBB40,9093D74460746F94BE5724CE17B2BBEC
SRR24651546,2023-05-18T20:32:41Z,2023-05-18T19:33:55Z,42275185,12682555500,42275185,300,4041,NA,https://sra-downloadb.be-md.ncbi.nlm.nih.gov/sos8/sra-pub-zq-818/SRR024/24651/SRR24651546/SRR24651546.lite.1,SRX20431535,GX-2,WGS,cDNA,GENOMIC,PAIRED,0,0,ILLUMINA,Illumina NovaSeq 6000,SRP438487,PRJNA970517,NA,970517,SRS17737776,SAMN35161017,simple,3649,Carica papaya,GX-2,NA,NA,NA,NA,NA,NA,no,NA,NA,NA,NA,GUANGDONG ACADEMY OF AGRICULTURAL SCIENCES,SRA1640474,NA,public,F3B1F89A58767A89DCAB54AE81768974,E6C655AB3EE5E31C36174D2B905D9503
SRR24651545,2023-05-18T20:32:41Z,2023-05-18T19:41:00Z,37805563,11341668900,37805563,300,3436,NA,https://sra-downloadb.be-md.ncbi.nlm.nih.gov/sos8/sra-pub-zq-818/SRR024/24651/SRR24651545/SRR24651545.lite.1,SRX20431536,GX-6,WGS,cDNA,GENOMIC,PAIRED,0,0,ILLUMINA,Illumina NovaSeq 6000,SRP438487,PRJNA970517,NA,970517,SRS17737782,SAMN35161018,simple,3649,Carica papaya,GX-6,NA,NA,NA,NA,NA,NA,no,NA,NA,NA,NA,GUANGDONG ACADEMY OF AGRICULTURAL SCIENCES,SRA1640474,NA,public,B5A2CD30158E3F596E4BE70D8BC480AF,92EF5551B77EC32576E09D28C386D25E
